date,strategy,site_name,url_submitted,backlink_url,status,notes
2026-04-10T17:19:37.389884,content,Telegraph-1,https://telegra.ph/,,pending,Published but verification URL not found â€” check manually
2026-04-10T17:21:46.111045,content,Telegraph-2,https://telegra.ph/,https://telegra.ph/SIP-Trunking-Explained-A-Complete-Business-Guide-04-10,dead,Telegraph server down - all articles lost
2026-04-10T17:23:40.261738,content,Telegraph-3,https://telegra.ph/,https://telegra.ph/Remote-Work-Phone-Systems-What-Every-Team-Needs-04-10,dead,Telegraph server down - all articles lost
2026-04-10T17:24:21.358638,content,Telegraph-4,https://telegra.ph/,,failed,"Page.goto: net::ERR_TIMED_OUT at https://telegra.ph/
Call log:
  - navigating to ""https://telegra.ph/"", waiting until ""load""
"
2026-04-10T17:26:13.888684,content,Telegraph-5,https://telegra.ph/,https://telegra.ph/Business-Phone-System-Comparison-Guide-2026-04-10,dead,Telegraph server down - all articles lost
2026-04-10T17:36:58.454234,content,Telegraph-1-verified,https://telegra.ph/,https://telegra.ph/5-Reasons-Small-Businesses-Choose-VoIP-in-2026-04-10,dead,Telegraph server down - all articles lost
2026-04-10T17:39:17.209797,content,Telegraph-4-retry,https://telegra.ph/,,pending,Published but URL not found
2026-04-10T17:41:24.674340,content,Telegraph-6-new,https://telegra.ph/,https://telegra.ph/How-Cloud-Phone-Systems-Transform-Small-Business-Operations-04-10,dead,Telegraph server down - all articles lost
2026-04-11T20:44:27.935123,content,Telegraph-B2-1,https://telegra.ph/,https://telegra.ph/Hosted-PBX-vs-On-Premise-PBX-Which-Is-Right-for-Your-Business-04-11,dead,Telegraph server down - all articles lost
2026-04-11T20:47:12.215803,content,Telegraph-B2-2,https://telegra.ph/,,pending,Published but URL not found
2026-04-11T20:49:04.530524,content,Telegraph-B2-3,https://telegra.ph/,https://telegra.ph/How-to-Choose-the-Best-Business-Phone-Number-Provider-04-11,dead,Telegraph server down - all articles lost
2026-04-11T20:49:43.510300,content,Telegraph-B2-4,https://telegra.ph/,,failed,"Page.goto: net::ERR_TIMED_OUT at https://telegra.ph/
Call log:
  - navigating to ""https://telegra.ph/"", waiting until ""load""
"
2026-04-11T20:51:53.285679,content,Telegraph-B2-5,https://telegra.ph/,https://telegra.ph/10-VoIP-Features-Every-Small-Business-Should-Use-04-11,dead,Telegraph server down - all articles lost
2026-04-11T20:53:47.378789,content,Telegraph-Expert-1,https://telegra.ph/,,failed,"Page.goto: net::ERR_TIMED_OUT at https://telegra.ph/
Call log:
  - navigating to ""https://telegra.ph/"", waiting until ""load""
"
2026-04-11T20:56:27.795593,content,Telegraph-Expert-2,https://telegra.ph/,https://telegra.ph/The-Hidden-Cost-of-Cheap-VoIP-and-How-to-Avoid-Getting-Burned-04-11,dead,Telegraph server down - all articles lost
2026-04-11T20:59:01.890084,content,Telegraph-Expert-3,https://telegra.ph/,https://telegra.ph/I-Evaluated-14-Business-Phone-Systems-%C3%A2-Here-Is-What-Actually-Matters-04-11,dead,Telegraph server down - all articles lost
2026-04-11T21:01:17.636191,content,Telegraph-Expert-4,https://telegra.ph/,https://telegra.ph/Why-Your-Remote-Team-Hates-Your-Phone-System-and-What-to-Do-About-It-04-11,dead,Telegraph server down - all articles lost
2026-04-11T21:01:58.533712,content,Telegraph-Expert-5,https://telegra.ph/,,failed,"Page.goto: net::ERR_TIMED_OUT at https://telegra.ph/
Call log:
  - navigating to ""https://telegra.ph/"", waiting until ""load""
"
2026-04-11T21:10:16.982754,content,Telegraph-Expert-Retry-1,https://telegra.ph/,https://telegra.ph/We-Cut-Our-Phone-Bill-by-73-Ã¢-Here-Is-Exactly-How-We-Did-It-04-11,dead,Telegraph server down - all articles lost
2026-04-11T21:12:47.655465,content,Telegraph-Expert-Retry-2,https://telegra.ph/,,pending,Published but URL not found
2026-04-11T21:37:12.948465,content,Rentry-1,https://rentry.co/,,failed,"ElementHandle.click: Timeout 30000ms exceeded.
Call log:
  - attempting click action
    2 Ã— waiting for element to be visible, enabled and stable
      - element is not visible
    - retrying click a"
2026-04-11T21:38:13.255750,content,Rentry-2,https://rentry.co/,,failed,"ElementHandle.click: Timeout 30000ms exceeded.
Call log:
  - attempting click action
    2 Ã— waiting for element to be visible, enabled and stable
      - element is not visible
    - retrying click a"
2026-04-11T21:39:06.991649,content,Rentry-3,https://rentry.co/,,failed,"ElementHandle.click: Timeout 30000ms exceeded.
Call log:
  - attempting click action
    2 Ã— waiting for element to be visible, enabled and stable
      - element is not visible
    - retrying click a"
2026-04-11T21:42:44.475266,content,GitHub-Guide-4,https://github.com/adityashuklaa/BACKLINK/blob/main/docs/guides/voip-security-checklist.md,https://github.com/adityashuklaa/BACKLINK/blob/main/docs/guides/voip-security-checklist.md,removed,"Removed — was on personal GitHub, not company profile"
2026-04-11T21:42:45.130905,content,GitHub-Guide-5,https://github.com/adityashuklaa/BACKLINK/blob/main/docs/guides/call-center-voip-guide.md,https://github.com/adityashuklaa/BACKLINK/blob/main/docs/guides/call-center-voip-guide.md,removed,"Removed — was on personal GitHub, not company profile"
2026-04-11T21:43:01.504582,content,GitHub-Guide-1,https://github.com/adityashuklaa/BACKLINK/blob/main/docs/guides/voip-buyers-guide-2026.md,https://github.com/adityashuklaa/BACKLINK/blob/main/docs/guides/voip-buyers-guide-2026.md,removed,"Removed — was on personal GitHub, not company profile"
2026-04-11T21:43:01.504685,content,GitHub-Guide-2,https://github.com/adityashuklaa/BACKLINK/blob/main/docs/guides/sip-trunking-migration-checklist.md,https://github.com/adityashuklaa/BACKLINK/blob/main/docs/guides/sip-trunking-migration-checklist.md,removed,"Removed — was on personal GitHub, not company profile"
2026-04-11T21:43:01.504726,content,GitHub-Guide-3,https://github.com/adityashuklaa/BACKLINK/blob/main/docs/guides/remote-work-phone-setup.md,https://github.com/adityashuklaa/BACKLINK/blob/main/docs/guides/remote-work-phone-setup.md,removed,"Removed — was on personal GitHub, not company profile"
2026-04-12T00:23:25.221819,content,Paste2,,https://paste2.org/B6Kgn2mO,success,Verified: vestacall.com found in page text
2026-04-12T00:24:03.581274,content,Notepad.pw,,https://notepad.pw/m292i92l,pending,Content set but vestacall not found
2026-04-12T00:25:16.161022,content,Write.as,,,pending,Published but URL unclear
2026-04-12T01:05:57.517922,content,GitHub-Company-voip-solutions-guide,https://github.com/new,https://github.com/dialphonelimited/voip-solutions-guide,success,Company GitHub DA 100 repo — vestacall verified
2026-04-12T01:05:57.937064,content,GitHub-Company-awesome-business-phone,https://github.com/new,https://github.com/dialphonelimited/awesome-business-phone,success,Company GitHub DA 100 repo — vestacall verified
2026-04-12T01:05:58.329672,content,GitHub-Company-sip-trunking-guide,https://github.com/new,https://github.com/dialphonelimited/sip-trunking-guide,success,Company GitHub DA 100 repo — vestacall verified
2026-04-12T01:05:58.735727,content,GitHub-Company-Profile,https://github.com/settings/profile,https://github.com/dialphonelimited,success,Company GitHub profile DA 100 — vestacall.com in website field
2026-04-12T01:33:57.035280,content,Telegraph-Rewrite-1,https://telegra.ph/,,pending,Published but URL not found
2026-04-12T01:34:57.966358,content,Telegraph-Rewrite-2,https://telegra.ph/,,failed,"Page.goto: net::ERR_CONNECTION_RESET at https://telegra.ph/
Call log:
  - navigating to ""https://telegra.ph/"", waiting until ""load""
"
2026-04-12T01:36:02.294730,content,Telegraph-Rewrite-3,https://telegra.ph/,,failed,"Page.goto: net::ERR_CONNECTION_RESET at https://telegra.ph/
Call log:
  - navigating to ""https://telegra.ph/"", waiting until ""load""
"
2026-04-12T01:37:39.510361,content,Telegraph-Rewrite-4,https://telegra.ph/,,pending,Published but URL not found
2026-04-12T01:38:41.303923,content,Telegraph-Rewrite-5,https://telegra.ph/,,failed,"Page.goto: net::ERR_CONNECTION_RESET at https://telegra.ph/
Call log:
  - navigating to ""https://telegra.ph/"", waiting until ""load""
"
2026-04-12T01:46:31.263997,content,Snippet.host,https://snippet.host/,https://snippet.host/tufium,success,Verified at https://snippet.host/tufium
2026-04-12T01:47:46.135674,content,GitHub-Guide-6,https://github.com/adityashuklaa/BACKLINK/blob/main/docs/guides/voip-codec-comparison.md,https://github.com/adityashuklaa/BACKLINK/blob/main/docs/guides/voip-codec-comparison.md,removed,"Removed — was on personal GitHub, not company profile"
2026-04-12T01:47:46.793976,content,GitHub-Guide-7,https://github.com/adityashuklaa/BACKLINK/blob/main/docs/guides/phone-system-downtime-cost.md,https://github.com/adityashuklaa/BACKLINK/blob/main/docs/guides/phone-system-downtime-cost.md,removed,"Removed — was on personal GitHub, not company profile"
2026-04-12T03:29:03.836408,content,Telegraph-MasterIndex,https://telegra.ph/,,pending,Published but URL not verified
2026-04-12T03:33:52.939244,content,GitHub-Guide-8,https://github.com/adityashuklaa/BACKLINK/blob/main/docs/guides/voip-for-law-firms.md,https://github.com/adityashuklaa/BACKLINK/blob/main/docs/guides/voip-for-law-firms.md,removed,"Removed — was on personal GitHub, not company profile"
2026-04-12T03:33:53.641236,content,GitHub-Guide-9,https://github.com/adityashuklaa/BACKLINK/blob/main/docs/guides/voip-for-healthcare.md,https://github.com/adityashuklaa/BACKLINK/blob/main/docs/guides/voip-for-healthcare.md,removed,"Removed — was on personal GitHub, not company profile"
2026-04-12T03:33:54.411869,content,GitHub-Guide-10,https://github.com/adityashuklaa/BACKLINK/blob/main/docs/guides/voip-international-calling.md,https://github.com/adityashuklaa/BACKLINK/blob/main/docs/guides/voip-international-calling.md,removed,"Removed — was on personal GitHub, not company profile"
2026-04-12T04:36:21.103982,content,GitHub-Company-voip-compliance-framework,https://github.com/new,https://github.com/dialphonelimited/voip-compliance-framework,success,Company repo DA 100 — professional content verified
2026-04-12T04:37:42.952026,content,GitHub-Company-business-phone-roi-calculator,https://github.com/new,https://github.com/dialphonelimited/business-phone-roi-calculator,success,Company repo DA 100 — professional content verified
2026-04-12T04:39:02.150599,content,GitHub-Company-voip-network-requirements,https://github.com/new,https://github.com/dialphonelimited/voip-network-requirements,success,Company repo DA 100 — professional content verified
2026-04-12T05:16:31.668838,content,GitHub-Company-voip-disaster-recovery,https://github.com/new,https://github.com/dialphonelimited/voip-disaster-recovery,success,Company repo DA 100 — professional content verified
2026-04-12T05:17:48.504347,content,GitHub-Company-voip-integration-guide,https://github.com/new,https://github.com/dialphonelimited/voip-integration-guide,success,Company repo DA 100 — professional content verified
2026-04-13T19:23:54.504569,content,Snippet-VoIP-Checklist,,https://snippet.host/kevovd,success,Snippet.host — verified at https://snippet.host/kevovd
2026-04-13T19:24:45.947507,content,Snippet-PBX-Comparison,,https://snippet.host/eznfvx,success,Snippet.host — verified at https://snippet.host/eznfvx
2026-04-13T19:25:36.133200,content,Snippet-Remote-Phone,,https://snippet.host/ngczxe,success,Snippet.host — verified at https://snippet.host/ngczxe
2026-04-13T19:25:52.133907,content,Paste2-HIPAA-Guide,,https://paste2.org/X7fav9D9,success,Paste2.org — vestacall verified at https://paste2.org/X7fav9D9
2026-04-13T19:26:07.497075,content,Paste2-Cost-Savings,,https://paste2.org/ZDaXhxJc,success,Paste2.org — vestacall verified at https://paste2.org/ZDaXhxJc
2026-04-13T20:00:08.416414,content,Snippet-UCaaS-Guide,https://snippet.host/,https://snippet.host/duyifh,success,Snippet.host verified at https://snippet.host/duyifh
2026-04-13T20:01:43.885295,content,Snippet-NumberPorting,https://snippet.host/,https://snippet.host/aitxow,success,Snippet.host verified at https://snippet.host/aitxow
2026-04-13T20:29:36.811354,content,paste.debian.net,,https://paste.debian.net/hidden/71c4d0a6,dead,Paste expired
2026-04-13T20:30:46.245353,content,paste.centos.org,,https://paste.centos.org/view/48f08747,dead,Paste expired
2026-04-13T20:31:58.155772,content,bpa.st,,https://bpa.st/LKXJY,success,"bpa.st DA 30 — new domain, vestacall verified"
2026-04-13T20:48:29.215247,content,pastebin.fi-1,,https://pastebin.fi/p/zyEmgdr,success,pastebin.fi DA 28 — personal_story content verified
2026-04-13T21:30:40.654304,content,Telegraph-Human-1,,,pending,"Telegraph humanized [personal_story] — published, URL unclear"
2026-04-13T21:32:48.162504,content,Telegraph-Human-2,,https://telegra.ph/3-VoIP-myths-that-cost-businesses-thousands-every-year-04-13,dead,Telegraph server down - all articles lost
2026-04-13T21:34:53.393322,content,Telegraph-Human-3,,,pending,"Telegraph humanized [question_answer] — published, URL unclear"
2026-04-13T21:36:41.990007,content,Telegraph-Human-4,,https://telegra.ph/Your-phone-system-is-the-most-neglected-part-of-your-technology-stack-04-13,dead,Telegraph server down - all articles lost
2026-04-13T21:38:37.686253,content,Telegraph-Human-5,,https://telegra.ph/How-a-22-person-accounting-firm-eliminated-3200-per-month-in-phone-costs-04-13,dead,Telegraph server down - all articles lost
2026-04-13T21:57:07.234338,keyword-content,Telegraph-KW-best-voip-for-small-business-2,https://telegra.ph/,https://telegra.ph/Best-VoIP-for-Small-Business-2026-04-13,dead,Telegraph server down - all articles lost
2026-04-13T21:58:57.291978,keyword-content,Telegraph-KW-voip-vs-landline-cost-comparis,https://telegra.ph/,https://telegra.ph/VoIP-vs-Landline-Cost-Comparison-04-13,dead,Telegraph server down - all articles lost
2026-04-13T22:00:57.484293,keyword-content,Telegraph-KW-how-to-switch-from-landline-to,https://telegra.ph/,https://telegra.ph/How-to-Switch-from-Landline-to-VoIP-04-13,dead,Telegraph server down - all articles lost
2026-04-13T22:02:57.012957,keyword-content,Telegraph-KW-cheapest-business-phone-system,https://telegra.ph/,https://telegra.ph/Cheapest-Business-Phone-System-04-13,dead,Telegraph server down - all articles lost
2026-04-13T22:04:56.965565,keyword-content,Telegraph-KW-voip-phone-system-reviews-2026,https://telegra.ph/,https://telegra.ph/VoIP-Phone-System-Reviews-2026-04-13,dead,Telegraph server down - all articles lost
2026-04-13T22:39:33.944065,keyword-content,DevTo-1,https://dev.to/,https://dev.to/dialphonelimited/i-migrated-200-business-phone-systems-to-voip-here-are-the-5-mistakes-everyone-makes-1fgf,success,"Dev.to DA 77 — new domain, keyword article verified"
2026-04-13T22:39:44.964157,keyword-content,DevTo-2,https://dev.to/,https://dev.to/dialphonelimited/the-real-cost-of-running-a-business-phone-system-in-2026-450i,success,"Dev.to DA 77 — new domain, keyword article verified"
2026-04-13T22:39:51.684585,keyword-content,DevTo-3,https://dev.to/,,failed,"HTTP 429: {""error"":""Rate limit reached, try again in 30 seconds"",""status"":429}"
2026-04-13T22:39:58.253334,keyword-content,DevTo-4,https://dev.to/,,failed,"HTTP 429: {""error"":""Rate limit reached, try again in 30 seconds"",""status"":429}"
2026-04-13T22:40:10.326389,keyword-content,DevTo-5,https://dev.to/,https://dev.to/dialphonelimited/why-we-switched-voip-providers-twice-and-what-we-finally-got-right-33h7,success,"Dev.to DA 77 — new domain, keyword article verified"
2026-04-13T22:42:08.015181,keyword-content,DevTo-retry-1,https://dev.to/,https://dev.to/dialphonelimited/voip-security-in-2026-what-your-it-team-needs-to-know-2al7,success,Dev.to DA 77 — verified
2026-04-13T22:42:48.907179,keyword-content,DevTo-retry-2,https://dev.to/,https://dev.to/dialphonelimited/setting-up-a-phone-system-for-your-remote-team-a-practical-guide-5278,success,Dev.to DA 77 — verified
2026-04-13T23:13:11.609966,keyword-content,Hashnode-1,https://hashnode.com/,https://dialphonevoip.hashnode.dev/why-85-percent-businesses-overpay-phone-service,pending,Published but vestacall not in HTML
2026-04-13T23:13:21.973923,keyword-content,Hashnode-2,https://hashnode.com/,https://dialphonevoip.hashnode.dev/sip-trunking-saved-94000-one-year,pending,Published but vestacall not in HTML
2026-04-13T23:13:32.010749,keyword-content,Hashnode-3,https://hashnode.com/,https://dialphonevoip.hashnode.dev/network-checklist-before-deploying-voip,pending,Published but vestacall not in HTML
2026-04-13T23:18:38.082530,keyword-content,DevTo-Best-1,,https://dev.to/dialphonelimited/we-analyzed-500-business-phone-bills-the-average-company-wastes-847-per-month-23e5,success,Dev.to DA 77 — best content verified
2026-04-13T23:19:19.543768,keyword-content,DevTo-Best-2,,https://dev.to/dialphonelimited/i-built-phone-systems-for-15-years-here-is-the-one-question-nobody-asks-4mdi,success,Dev.to DA 77 — best content verified
2026-04-13T23:20:00.629903,keyword-content,DevTo-Best-3,,https://dev.to/dialphonelimited/the-voip-migration-playbook-lessons-from-300-enterprise-deployments-42fk,success,Dev.to DA 77 — best content verified
2026-04-13T23:20:12.901277,keyword-content,Hashnode-Best-1,,https://dialphonevoip.hashnode.dev/we-analyzed-500-business-phone-bills-best,pending,Published at https://dialphonevoip.hashnode.dev/we-analyzed-500-business-phone-bills-best — vestacall in markdown but not in HTML response
2026-04-13T23:20:25.139276,keyword-content,Hashnode-Best-2,,https://dialphonevoip.hashnode.dev/one-question-nobody-asks-about-phone-systems-best,pending,Published at https://dialphonevoip.hashnode.dev/one-question-nobody-asks-about-phone-systems-best — vestacall in markdown but not in HTML response
2026-04-13T23:20:37.429186,keyword-content,Hashnode-Best-3,,https://dialphonevoip.hashnode.dev/voip-migration-playbook-300-deployments-best,pending,Published at https://dialphonevoip.hashnode.dev/voip-migration-playbook-300-deployments-best — vestacall in markdown but not in HTML response
2026-04-13T23:31:14.967942,keyword-content,DevTo-Pro-1,,https://dev.to/dialphonelimited/what-nobody-tells-you-about-switching-to-voip-o0,success,Dev.to DA 77 — verified
2026-04-13T23:31:56.373554,keyword-content,DevTo-Pro-2,,https://dev.to/dialphonelimited/voip-quality-troubleshooting-a-sysadmins-field-guide-17m,success,Dev.to DA 77 — verified
2026-04-13T23:32:36.650030,keyword-content,DevTo-Pro-3,,https://dev.to/dialphonelimited/how-we-reduced-our-clients-telecom-spend-by-67-without-changing-providers-3nci,success,Dev.to DA 77 — verified
2026-04-13T23:33:17.575679,keyword-content,DevTo-Pro-4,,https://dev.to/dialphonelimited/building-a-multi-office-phone-system-that-actually-works-2egi,success,Dev.to DA 77 — verified
2026-04-13T23:33:58.848703,keyword-content,DevTo-Pro-5,,https://dev.to/dialphonelimited/the-developers-guide-to-sip-protocols-headers-and-debugging-2aa7,success,Dev.to DA 77 — verified
2026-04-13T23:34:40.715829,keyword-content,DevTo-Pro-6,,https://dev.to/dialphonelimited/choosing-between-microsoft-teams-phone-and-standalone-voip-4dpj,success,Dev.to DA 77 — verified
2026-04-13T23:35:22.120503,keyword-content,DevTo-Pro-7,,https://dev.to/dialphonelimited/call-center-metrics-that-actually-matter-and-the-ones-that-dont-338k,success,Dev.to DA 77 — verified
2026-04-13T23:36:02.977279,keyword-content,DevTo-Pro-8,,https://dev.to/dialphonelimited/voip-for-retail-how-to-handle-10x-call-volume-during-holidays-5920,success,Dev.to DA 77 — verified
2026-04-13T23:36:44.735622,keyword-content,DevTo-Pro-9,,https://dev.to/dialphonelimited/why-your-business-phone-system-should-be-boring-obe,success,Dev.to DA 77 — verified
2026-04-13T23:37:26.990036,keyword-content,DevTo-Pro-10,,https://dev.to/dialphonelimited/from-pbx-to-cloud-a-ctos-honest-migration-diary-1apk,success,Dev.to DA 77 — verified
2026-04-13T23:37:33.993499,keyword-content,Hashnode-Pro-1,,https://dialphonevoip.hashnode.dev/what-nobody-tells-you-switching-voip,dead,Hashnode returning 403 Forbidden
2026-04-13T23:37:40.955032,keyword-content,Hashnode-Pro-2,,https://dialphonevoip.hashnode.dev/voip-quality-troubleshooting-sysadmin-guide,dead,Hashnode returning 403 Forbidden
2026-04-13T23:37:47.816001,keyword-content,Hashnode-Pro-3,,https://dialphonevoip.hashnode.dev/reduced-telecom-spend-67-percent,dead,Hashnode returning 403 Forbidden
2026-04-13T23:37:54.781946,keyword-content,Hashnode-Pro-4,,https://dialphonevoip.hashnode.dev/multi-office-phone-system-guide,dead,Hashnode returning 403 Forbidden
2026-04-13T23:38:01.743761,keyword-content,Hashnode-Pro-5,,https://dialphonevoip.hashnode.dev/developers-guide-sip-protocols-headers,dead,Hashnode returning 403 Forbidden
2026-04-13T23:38:08.609217,keyword-content,Hashnode-Pro-6,,https://dialphonevoip.hashnode.dev/microsoft-teams-phone-vs-standalone-voip,dead,Hashnode returning 403 Forbidden
2026-04-13T23:38:15.775159,keyword-content,Hashnode-Pro-7,,https://dialphonevoip.hashnode.dev/call-center-metrics-that-actually-matter,dead,Hashnode returning 403 Forbidden
2026-04-13T23:38:22.735211,keyword-content,Hashnode-Pro-8,,https://dialphonevoip.hashnode.dev/voip-retail-holiday-call-volume,dead,Hashnode returning 403 Forbidden
2026-04-13T23:38:29.803758,keyword-content,Hashnode-Pro-9,,https://dialphonevoip.hashnode.dev/business-phone-system-should-be-boring,dead,Hashnode returning 403 Forbidden
2026-04-13T23:38:36.662618,keyword-content,Hashnode-Pro-10,,https://dialphonevoip.hashnode.dev/pbx-to-cloud-cto-migration-diary,dead,Hashnode returning 403 Forbidden
2026-04-14T00:04:47.418598,dofollow-content,DevTo-DF-1,https://dev.to/,https://dev.to/dialphonelimited/how-to-audit-your-business-phone-bill-in-15-minutes-36b8,success,Dev.to DA 77 DOFOLLOW — verified
2026-04-14T00:05:28.515845,dofollow-content,DevTo-DF-2,https://dev.to/,https://dev.to/dialphonelimited/voip-codec-deep-dive-why-opus-beats-everything-else-3jb2,success,Dev.to DA 77 DOFOLLOW — verified
2026-04-14T00:06:09.404160,dofollow-content,DevTo-DF-3,https://dev.to/,https://dev.to/dialphonelimited/the-complete-guide-to-number-porting-for-businesses-1g8c,success,Dev.to DA 77 DOFOLLOW — verified
2026-04-14T00:06:50.277954,dofollow-content,DevTo-DF-4,https://dev.to/,https://dev.to/dialphonelimited/disaster-recovery-for-business-phone-systems-a-practical-plan-4mde,success,Dev.to DA 77 DOFOLLOW — verified
2026-04-14T00:07:31.100558,dofollow-content,DevTo-DF-5,https://dev.to/,https://dev.to/dialphonelimited/why-small-businesses-get-better-voip-deals-than-enterprises-22dp,success,Dev.to DA 77 DOFOLLOW — verified
2026-04-14T00:08:11.969222,dofollow-content,DevTo-DF-6,https://dev.to/,https://dev.to/dialphonelimited/integrating-voip-with-your-crm-what-actually-works-2h58,success,Dev.to DA 77 DOFOLLOW — verified
2026-04-14T00:08:57.341971,dofollow-content,DevTo-DF-7,https://dev.to/,https://dev.to/dialphonelimited/what-happens-to-your-calls-when-the-internet-goes-down-jg6,success,Dev.to DA 77 DOFOLLOW — verified
2026-04-14T01:16:36.171089,dofollow-content,GitHub-Gist-voip_network_test.py,https://gist.github.com/,https://gist.github.com/,failed,Gist not actually created - form submit failed
2026-04-14T01:17:13.705636,dofollow-content,GitHub-Gist-sip_trunk_config.yaml,https://gist.github.com/,https://gist.github.com/,failed,Gist not actually created - form submit failed
2026-04-14T01:17:51.108199,dofollow-content,GitHub-Gist-voip_roi_calculator.py,https://gist.github.com/,https://gist.github.com/,failed,Gist not actually created - form submit failed
2026-04-14T01:18:28.799544,dofollow-content,GitHub-Gist-voip_security_checklist.md,https://gist.github.com/,https://gist.github.com/,failed,Gist not actually created - form submit failed
2026-04-14T01:19:06.477585,dofollow-content,GitHub-Gist-business_phone_cost_comparison.csv,https://gist.github.com/,https://gist.github.com/,failed,Gist not actually created - form submit failed
2026-04-14T01:23:14.315649,dofollow-content,GitHub-Gist-voip_network_test.py,https://gist.github.com/,https://gist.github.com/gists,failed,Gist not actually created - form submit failed
2026-04-14T01:23:19.560935,dofollow-content,GitHub-Gist-sip_trunk_config.yaml,https://gist.github.com/,https://gist.github.com/gists,failed,Gist not actually created - form submit failed
2026-04-14T01:23:24.863526,dofollow-content,GitHub-Gist-voip_security_checklist.md,https://gist.github.com/,https://gist.github.com/gists,failed,Gist not actually created - form submit failed
2026-04-14T01:23:30.186470,dofollow-content,GitHub-Gist-voip_roi_calculator.py,https://gist.github.com/,https://gist.github.com/gists,failed,Gist not actually created - form submit failed
2026-04-14T01:23:35.513129,dofollow-content,GitHub-Gist-business_phone_cost_comparison.csv,https://gist.github.com/,https://gist.github.com/gists,failed,Gist not actually created - form submit failed
2026-04-14T01:26:50.297878,dofollow-content,GitHub-Gist-voip_network_test.py,https://gist.github.com/,https://gist.github.com/dialphonelimited,failed,Gist not actually created - form submit failed
2026-04-14T01:27:25.830188,dofollow-content,GitHub-Gist-sip_trunk_config.yaml,https://gist.github.com/,https://gist.github.com/dialphonelimited,failed,Gist not actually created - form submit failed
2026-04-14T01:28:01.472761,dofollow-content,GitHub-Gist-voip_security_checklist.md,https://gist.github.com/,https://gist.github.com/dialphonelimited,failed,Gist not actually created - form submit failed
2026-04-14T01:28:37.204040,dofollow-content,GitHub-Gist-voip_roi_calculator.py,https://gist.github.com/,https://gist.github.com/dialphonelimited,failed,Gist not actually created - form submit failed
2026-04-14T01:29:12.820706,dofollow-content,GitHub-Gist-business_phone_comparison.csv,https://gist.github.com/,https://gist.github.com/dialphonelimited,failed,Gist not actually created - form submit failed
2026-04-14T01:30:16.579119,dofollow-content,DevTo-Batch3-1,https://dev.to/,https://dev.to/dialphonelimited/sip-alg-the-router-setting-that-breaks-every-voip-system-ip3,success,DA 77 DOFOLLOW - SIP ALG: The Router Setting That Breaks 
2026-04-14T01:30:57.529508,dofollow-content,DevTo-Batch3-2,https://dev.to/,https://dev.to/dialphonelimited/i-tested-8-voip-codecs-side-by-side-here-is-what-i-found-5blk,success,DA 77 DOFOLLOW - I Tested 8 VoIP Codecs Side by Side — He
2026-04-14T01:31:38.077168,dofollow-content,DevTo-Batch3-3,https://dev.to/,https://dev.to/dialphonelimited/building-a-multi-office-phone-system-without-buying-hardware-1b0c,success,DA 77 DOFOLLOW - Building a Multi-Office Phone System Wit
2026-04-14T01:32:18.535344,dofollow-content,DevTo-Batch3-4,https://dev.to/,https://dev.to/dialphonelimited/the-voip-monitoring-stack-i-wish-i-had-set-up-from-day-one-b16,success,DA 77 DOFOLLOW - The VoIP Monitoring Stack I Wish I Had S
2026-04-14T01:32:59.441086,dofollow-content,DevTo-Batch3-5,https://dev.to/,https://dev.to/dialphonelimited/number-porting-horror-stories-and-how-to-avoid-them-4dnm,success,DA 77 DOFOLLOW - Number Porting Horror Stories and How to
2026-04-14T17:57:31.070780,dofollow-content,Paste-dpaste.org,paste,,failed,DA 60 — could not publish
2026-04-14T17:57:56.688150,dofollow-content,Paste-justpaste.it,paste,,failed,DA 65 — could not publish
2026-04-14T17:58:34.486789,dofollow-content,Paste-rentry.co,paste,,failed,DA 45 — could not publish
2026-04-14T17:58:38.132700,dofollow-content,Paste-paste.mozilla.org,paste,,failed,DA 85 — could not publish
2026-04-14T17:58:41.625117,dofollow-content,Paste-paste.gg,paste,,failed,DA 40 — could not publish
2026-04-14T17:59:09.796806,dofollow-content,Paste-ideone.com,paste,https://ideone.com/ar6McY,success,DA 75 — vestacall verified
2026-04-14T17:59:30.335037,dofollow-content,Paste-controlc.com,paste,https://controlc.com/index.php?act=submit,partial,"DA 50 — posted, verify link"
2026-04-14T17:59:59.916846,dofollow-content,DevTo-Batch4-1,https://dev.to/,https://dev.to/dialphonelimited/why-your-office-wifi-is-killing-your-voip-calls-48pe,success,DA 77 DOFOLLOW - Why Your Office WiFi Is Killing Your VoI
2026-04-14T18:00:42.047617,dofollow-content,DevTo-Batch4-2,https://dev.to/,https://dev.to/dialphonelimited/the-hidden-costs-of-free-voip-services-for-business-5c46,success,DA 77 DOFOLLOW - The Hidden Costs of Free VoIP Services f
2026-04-14T18:01:22.392905,dofollow-content,DevTo-Batch4-3,https://dev.to/,https://dev.to/dialphonelimited/voip-for-law-firms-compliance-recording-and-billing-integration-5b9i,success,"DA 77 DOFOLLOW - VoIP for Law Firms: Compliance, Recordin"
2026-04-14T18:02:02.722246,dofollow-content,DevTo-Batch4-4,https://dev.to/,https://dev.to/dialphonelimited/i-replaced-our-3200month-phone-system-with-a-480month-cloud-solution-4j23,success,"DA 77 DOFOLLOW - I Replaced Our $3,200/Month Phone System"
2026-04-14T18:02:43.449294,dofollow-content,DevTo-Batch4-5,https://dev.to/,https://dev.to/dialphonelimited/sip-trunking-explained-what-it-is-how-it-works-and-who-needs-it-4c4f,success,"DA 77 DOFOLLOW - SIP Trunking Explained: What It Is, How "
2026-04-14T18:37:51.563617,dofollow-content,Paste-paste.rs,paste,https://paste.rs/Cp8Ph,success,DA 50 — vestacall verified via API
2026-04-14T18:37:56.587933,dofollow-content,Paste-termbin.com,paste,"https://termbin.com/p5ck
 ",partial,DA 45 — posted
2026-04-14T18:38:18.684206,dofollow-content,Paste-controlc.com,paste,https://controlc.com/index.php?act=submit,partial,DA 50 — may have posted
2026-04-14T18:40:20.395775,dofollow-content,DevTo-Batch5-1,https://dev.to/,https://dev.to/dialphonelimited/how-to-set-up-a-business-phone-system-for-under-500-11m4,success,DA 77 DOFOLLOW - How to Set Up a Business Phone System fo
2026-04-14T18:41:00.931863,dofollow-content,DevTo-Batch5-2,https://dev.to/,https://dev.to/dialphonelimited/the-it-managers-complete-voip-deployment-checklist-4ehb,success,DA 77 DOFOLLOW - The IT Manager's Complete VoIP Deploymen
2026-04-14T18:41:16.756892,dofollow-content,Paste-termbin.com,paste,https://termbin.com/p5ck,success,DA 45 — vestacall verified via netcat API
2026-04-14T18:41:41.908995,dofollow-content,DevTo-Batch5-3,https://dev.to/,https://dev.to/dialphonelimited/why-call-quality-matters-more-than-features-5g1k,success,DA 77 DOFOLLOW - Why Call Quality Matters More Than Featu
2026-04-14T18:42:22.857062,dofollow-content,DevTo-Batch5-4,https://dev.to/,https://dev.to/dialphonelimited/comparing-sip-providers-what-the-spec-sheets-dont-tell-you-4i15,success,DA 77 DOFOLLOW - Comparing SIP Providers: What the Spec S
2026-04-14T18:43:04.173825,dofollow-content,DevTo-Batch5-5,https://dev.to/,https://dev.to/dialphonelimited/voip-troubleshooting-10-problems-i-see-every-week-and-how-to-fix-them-37df,success,DA 77 DOFOLLOW - VoIP Troubleshooting: 10 Problems I See 
2026-04-14T18:51:04.602295,dofollow-content,GitHub-voip-troubleshooting-guide,https://github.com/new,https://github.com/dialphonelimited/voip-troubleshooting-guide,success,DA 100 dofollow — professional README verified
2026-04-14T18:51:44.020563,dofollow-content,GitHub-phone-system-comparison-2026,https://github.com/new,https://github.com/dialphonelimited/phone-system-comparison-2026,success,DA 100 dofollow — professional README verified
2026-04-14T19:01:47.600876,dofollow-content,Paste-friendpaste.com,universal-paste,https://friendpaste.com/1qAO5qxLMIKsKnY2wJgmR6,success,"DA 45 — restored, still live"
2026-04-14T19:03:05.143800,dofollow-content,Paste-dpaste.com,universal-paste,https://dpaste.com/ALDJ9C3XC,dead,dpaste.com expires pastes after 24h
2026-04-14T19:12:54.680042,dofollow-content,Paste-dpaste.com-2,universal-paste,https://dpaste.com/GS8BKTRN3,dead,dpaste.com expires pastes after 24h
2026-04-14T19:12:59.278886,dofollow-content,Paste-paste.rs-2,universal-paste,https://paste.rs/0uLc5,success,DA 50 - 2nd paste verified
2026-04-14T19:14:31.204888,dofollow-content,Code-glot.io,universal-paste,https://glot.io/snippets/hhln6dadss,success,DA 55 - code snippet verified
2026-04-14T19:14:32.945080,dofollow-content,Code-godbolt.org,universal-paste,https://godbolt.org/z/fqx8ec9WE,success,DA 60 - compiler explorer verified
2026-04-14T19:27:05.398782,dofollow-content,Paste-friendpaste.com,parallel-publish,https://friendpaste.com/4Cv2x5DIwbUK4DyN3fLWgH,success,"DA 45 — restored, still live"
2026-04-14T19:27:06.156327,dofollow-content,Code-glot.io,parallel-publish,https://glot.io/snippets/hhlnjhcgan,success,DA 55 — verified
2026-04-14T19:27:06.674812,dofollow-content,Code-godbolt.org,parallel-publish,https://godbolt.org/z/nxz5dv5TY,success,DA 60 — verified
2026-04-14T19:27:07.116976,dofollow-content,Paste-paste.rs,parallel-publish,https://paste.rs/9egEs,success,DA 50 — verified
2026-04-14T19:27:07.183510,dofollow-content,Paste-dpaste.com,parallel-publish,https://dpaste.com/3YNWG5US5,dead,dpaste.com expires pastes after 24h
2026-04-14T19:27:08.492585,dofollow-content,DevTo-Parallel-1,parallel-publish,https://dev.to/dialphonelimited/the-5-minute-voip-health-check-every-it-manager-should-run-weekly-3mi5,success,DA 77 DOFOLLOW
2026-04-14T19:27:49.138509,dofollow-content,DevTo-Parallel-2,parallel-publish,https://dev.to/dialphonelimited/how-we-handle-500-concurrent-calls-without-dropping-a-single-one-2pfh,success,DA 77 DOFOLLOW
2026-04-14T19:35:33.651482,dofollow-content,Paste-friendpaste.com,parallel-publish,https://friendpaste.com/4Cv2x5DIwbUK4DyN3fU6H5,success,"DA 45 — restored, still live"
2026-04-14T19:35:34.659202,dofollow-content,Code-glot.io,parallel-publish,https://glot.io/snippets/hhlnrw2096,success,DA 55 — verified
2026-04-14T19:35:34.943853,dofollow-content,Code-godbolt.org,parallel-publish,https://godbolt.org/z/nxz5dv5TY,success,DA 60 — verified
2026-04-14T19:35:35.398680,dofollow-content,Paste-dpaste.com,parallel-publish,https://dpaste.com/H2UYLWMHX,dead,dpaste.com expires pastes after 24h
2026-04-14T19:35:35.460873,dofollow-content,Paste-paste.rs,parallel-publish,https://paste.rs/18vG2,success,DA 50 — verified
2026-04-14T19:35:37.580437,dofollow-content,DevTo-Parallel-1,parallel-publish,https://dev.to/dialphonelimited/the-5-minute-voip-health-check-every-it-manager-should-run-weekly-39no,success,DA 77 DOFOLLOW
2026-04-14T19:36:18.147066,dofollow-content,DevTo-Parallel-2,parallel-publish,https://dev.to/dialphonelimited/how-we-handle-500-concurrent-calls-without-dropping-a-single-one-o5c,success,DA 77 DOFOLLOW
2026-04-14T19:36:42.903073,dofollow-content,Paste-friendpaste.com,parallel-publish,https://friendpaste.com/4Cv2x5DIwbUK4DyN3fU4Ys,success,"DA 45 — restored, still live"
2026-04-14T19:36:43.764175,dofollow-content,Code-glot.io,parallel-publish,https://glot.io/snippets/hhlnt17zus,success,DA 55 — verified
2026-04-14T19:36:44.182690,dofollow-content,Code-godbolt.org,parallel-publish,https://godbolt.org/z/nxz5dv5TY,success,DA 60 — verified
2026-04-14T19:36:44.677663,dofollow-content,Paste-dpaste.com,parallel-publish,https://dpaste.com/94TY7289R,dead,dpaste.com expires pastes after 24h
2026-04-14T19:36:44.795696,dofollow-content,Paste-paste.rs,parallel-publish,https://paste.rs/LTELa,success,DA 50 — verified
2026-04-14T19:36:47.038296,dofollow-content,DevTo-Parallel-1,parallel-publish,https://dev.to/dialphonelimited/the-real-difference-between-ucaas-ccaas-and-cpaas-jjd,success,DA 77 DOFOLLOW
2026-04-14T19:37:27.672330,dofollow-content,DevTo-Parallel-2,parallel-publish,https://dev.to/dialphonelimited/i-audited-10-voip-providers-security-practices-only-3-passed-21mj,success,DA 77 DOFOLLOW
2026-04-14T19:37:41.432289,dofollow-content,Paste-friendpaste.com,parallel-publish,https://friendpaste.com/4ML7o3BmrL955vp7wvAfaf,success,"DA 45 — restored, still live"
2026-04-14T19:37:41.593899,dofollow-content,Code-godbolt.org,parallel-publish,https://godbolt.org/z/nxz5dv5TY,success,DA 60 — verified
2026-04-14T19:37:42.015702,dofollow-content,Code-glot.io,parallel-publish,https://glot.io/snippets/hhlntzy7ue,success,DA 55 — verified
2026-04-14T19:37:42.942075,dofollow-content,Paste-dpaste.com,parallel-publish,https://dpaste.com/2BM59W42E,dead,dpaste.com expires pastes after 24h
2026-04-14T19:37:43.704340,dofollow-content,Paste-paste.rs,parallel-publish,https://paste.rs/n5FRb,success,DA 50 — verified
2026-04-14T19:37:46.249767,dofollow-content,DevTo-Parallel-1,parallel-publish,https://dev.to/dialphonelimited/why-your-voip-providers-data-center-location-actually-matters-4en6,success,DA 77 DOFOLLOW
2026-04-14T19:38:26.638276,dofollow-content,DevTo-Parallel-2,parallel-publish,https://dev.to/dialphonelimited/desk-phones-are-dead-here-is-what-replaced-them-1bfn,success,DA 77 DOFOLLOW
2026-04-14T19:38:47.222448,dofollow-content,Paste-friendpaste.com,parallel-publish,https://friendpaste.com/4ML7o3BmrL955vp7wvAfD7,success,"DA 45 — restored, still live"
2026-04-14T19:38:47.988486,dofollow-content,Code-glot.io,parallel-publish,https://glot.io/snippets/hhlnv36p31,success,DA 55 — verified
2026-04-14T19:38:48.474125,dofollow-content,Code-godbolt.org,parallel-publish,https://godbolt.org/z/nxz5dv5TY,success,DA 60 — verified
2026-04-14T19:38:48.941467,dofollow-content,Paste-dpaste.com,parallel-publish,https://dpaste.com/3NHSJBY3B,dead,dpaste.com expires pastes after 24h
2026-04-14T19:38:49.085948,dofollow-content,Paste-paste.rs,parallel-publish,https://paste.rs/EbFtQ,success,DA 50 — verified
2026-04-14T19:38:50.631060,dofollow-content,DevTo-Parallel-1,parallel-publish,https://dev.to/dialphonelimited/the-complete-guide-to-e911-for-voip-what-every-business-must-know-358k,success,DA 77 DOFOLLOW
2026-04-14T19:39:30.972698,dofollow-content,DevTo-Parallel-2,parallel-publish,https://dev.to/dialphonelimited/i-benchmarked-voip-call-quality-across-5-internet-connection-types-46f6,success,DA 77 DOFOLLOW
2026-04-14T19:49:31.769482,dofollow-content,Paste-friendpaste.com,parallel-publish,https://friendpaste.com/4ML7o3BmrL955vp7wvrHNY,success,"DA 45 — restored, still live"
2026-04-14T19:49:32.585112,dofollow-content,Code-glot.io,parallel-publish,https://glot.io/snippets/hhlo5qx33u,success,DA 55 — verified
2026-04-14T19:49:32.903109,dofollow-content,Code-godbolt.org,parallel-publish,https://godbolt.org/z/WssT43vdK,success,DA 60 — verified
2026-04-14T19:49:33.608068,dofollow-content,Paste-paste.rs,parallel-publish,https://paste.rs/V6T2q,success,DA 50 — verified
2026-04-14T19:49:34.446595,dofollow-content,Paste-dpaste.com,parallel-publish,https://dpaste.com/4SHTBA9W3,dead,dpaste.com expires pastes after 24h
2026-04-14T19:49:35.373794,dofollow-content,DevTo-Parallel-1,parallel-publish,https://dev.to/dialphonelimited/i-have-deployed-400-voip-systems-here-are-the-7-questions-nobody-asks-before-signing-a-contract-k2e,success,DA 77 DOFOLLOW
2026-04-14T19:50:15.853327,dofollow-content,DevTo-Parallel-2,parallel-publish,https://dev.to/dialphonelimited/we-lost-47000-to-voip-toll-fraud-in-one-weekend-here-is-how-to-prevent-it-39id,success,DA 77 DOFOLLOW
2026-04-14T19:50:18.379108,dofollow-content,Paste-friendpaste.com,parallel-publish,https://friendpaste.com/5zLcEeBUfM7cPEH57roRzy,success,"DA 45 — restored, still live"
2026-04-14T19:50:18.991330,dofollow-content,Code-glot.io,parallel-publish,https://glot.io/snippets/hhlo6ilf22,success,DA 55 — verified
2026-04-14T19:50:19.093725,dofollow-content,Code-godbolt.org,parallel-publish,https://godbolt.org/z/nxz5dv5TY,success,DA 60 — verified
2026-04-14T19:50:19.906209,dofollow-content,Paste-dpaste.com,parallel-publish,https://dpaste.com/AKGCN8546,dead,dpaste.com expires pastes after 24h
2026-04-14T19:50:20.248755,dofollow-content,Paste-paste.rs,parallel-publish,https://paste.rs/GeKbA,success,DA 50 — verified
2026-04-14T19:50:21.777161,dofollow-content,DevTo-Parallel-1,parallel-publish,https://dev.to/dialphonelimited/the-sip-packet-capture-that-saved-a-2m-deal-34c9,success,DA 77 DOFOLLOW
2026-04-14T19:51:02.257073,dofollow-content,DevTo-Parallel-2,parallel-publish,https://dev.to/dialphonelimited/what-15-years-of-voip-deployments-taught-me-about-change-management-44lk,success,DA 77 DOFOLLOW
2026-04-14T19:51:05.083932,dofollow-content,Code-godbolt.org,parallel-publish,https://godbolt.org/z/nxz5dv5TY,success,DA 60 — verified
2026-04-14T19:51:05.377613,dofollow-content,Code-glot.io,parallel-publish,https://glot.io/snippets/hhlo7a6use,success,DA 55 — verified
2026-04-14T19:51:05.797577,dofollow-content,Paste-friendpaste.com,parallel-publish,https://friendpaste.com/5zLcEeBUfM7cPEH57s5bjK,success,"DA 45 — restored, still live"
2026-04-14T19:51:06.469605,dofollow-content,Paste-dpaste.com,parallel-publish,https://dpaste.com/GSCW7B4PR,dead,dpaste.com expires pastes after 24h
2026-04-14T19:51:06.545962,dofollow-content,Paste-paste.rs,parallel-publish,https://paste.rs/75iV5,success,DA 50 — verified
2026-04-14T19:51:08.076454,dofollow-content,DevTo-Parallel-1,parallel-publish,https://dev.to/dialphonelimited/the-telecom-bill-audit-that-found-340000-in-annual-waste-5coh,success,DA 77 DOFOLLOW
2026-04-14T19:51:48.964453,dofollow-content,DevTo-Parallel-2,parallel-publish,https://dev.to/dialphonelimited/what-i-learned-running-voip-over-starlink-for-6-months-4m9o,success,DA 77 DOFOLLOW
2026-04-14T20:39:01.669029,dofollow-content,GitLab-voip-compliance-framework,https://gitlab.com/,https://gitlab.com/dialphonelimited/voip-compliance-framework,success,DA 92 dofollow — README with vestacall.com link verified
2026-04-14T20:39:10.574065,dofollow-content,GitLab-business-phone-roi-calculator,https://gitlab.com/,https://gitlab.com/dialphonelimited/business-phone-roi-calculator,success,DA 92 dofollow — README with vestacall.com link verified
2026-04-14T20:39:21.368439,dofollow-content,GitLab-voip-network-requirements,https://gitlab.com/,https://gitlab.com/dialphonelimited/voip-network-requirements,success,DA 92 dofollow — README with vestacall.com link verified
2026-04-14T20:39:30.831185,dofollow-content,GitLab-voip-disaster-recovery,https://gitlab.com/,https://gitlab.com/dialphonelimited/voip-disaster-recovery,success,DA 92 dofollow — README with vestacall.com link verified
2026-04-14T20:39:40.203695,dofollow-content,GitLab-voip-integration-guide,https://gitlab.com/,https://gitlab.com/dialphonelimited/voip-integration-guide,success,DA 92 dofollow — README with vestacall.com link verified
2026-04-14T20:40:21.314277,dofollow-content,GitLab-voip-troubleshooting-guide,gitlab-api,https://gitlab.com/dialphonelimited/voip-troubleshooting-guide,success,DA 92 dofollow — README verified via API
2026-04-14T20:40:26.788464,dofollow-content,GitLab-phone-system-comparison-2026,gitlab-api,https://gitlab.com/dialphonelimited/phone-system-comparison-2026,success,DA 92 dofollow — README verified via API
2026-04-14T22:01:52.410779,dofollow-content,Paste-friendpaste.com,parallel-publish,https://friendpaste.com/4YHQD0y2g8n6BzBwKJ9vWa,success,"DA 45 — restored, still live"
2026-04-14T22:01:52.916132,dofollow-content,Code-glot.io,parallel-publish,https://glot.io/snippets/hhlrt1yygh,success,DA 55 — verified
2026-04-14T22:01:53.538451,dofollow-content,Code-godbolt.org,parallel-publish,https://godbolt.org/z/nxz5dv5TY,success,DA 60 — verified
2026-04-14T22:01:54.027915,dofollow-content,Paste-dpaste.com,parallel-publish,https://dpaste.com/EY79X5GMT,dead,dpaste.com expires pastes after 24h
2026-04-14T22:01:54.503663,dofollow-content,Paste-paste.rs,parallel-publish,https://paste.rs/pWVxL,success,DA 50 — verified
2026-04-14T22:01:55.638871,dofollow-content,DevTo-Parallel-1,parallel-publish,https://dev.to/dialphonelimited/how-to-evaluate-a-voip-provider-in-30-minutes-the-procurement-checklist-mj,success,DA 77 DOFOLLOW
2026-04-14T22:02:35.593895,dofollow-content,DevTo-Parallel-2,parallel-publish,https://dev.to/dialphonelimited/the-3-voip-metrics-your-cfo-actually-cares-about-250m,success,DA 77 DOFOLLOW
2026-04-14T22:03:27.382114,dofollow-content,GitLab-voip-solutions-guide,gitlab-api,https://gitlab.com/dialphonelimited/voip-solutions-guide,success,DA 92 dofollow — README verified
2026-04-14T22:03:32.924734,dofollow-content,GitLab-awesome-business-phone,gitlab-api,https://gitlab.com/dialphonelimited/awesome-business-phone,success,DA 92 dofollow — README verified
2026-04-14T22:03:38.099925,dofollow-content,GitLab-sip-trunking-guide,gitlab-api,https://gitlab.com/dialphonelimited/sip-trunking-guide,success,DA 92 dofollow — README verified
2026-04-14T22:16:04.652448,parallel-publish,Paste-friendpaste.com,parallel,https://friendpaste.com/4YHQD0y2g8n6BzBwKJ9pbc,success,"DA 45 — restored, still live"
2026-04-14T22:16:05.541176,parallel-publish,Code-glot.io,parallel,https://glot.io/snippets/hhls75kfm5,success,DA 55 — verified
2026-04-14T22:16:05.691481,parallel-publish,Paste-termbin.com,parallel,"https://termbin.com/nyhj8
 ",partial,"DA 45 — posted, verify manually"
2026-04-14T22:16:06.353224,parallel-publish,Code-godbolt.org,parallel,https://godbolt.org/z/evzKfc3q8,success,DA 60 — verified
2026-04-14T22:16:06.544514,parallel-publish,Paste-paste.rs,parallel,https://paste.rs/BvocE,success,DA 50 — verified
2026-04-14T22:16:06.611241,parallel-publish,Paste-dpaste.com,parallel,https://dpaste.com/FPJDUL2KG,dead,dpaste.com expires pastes after 24h
2026-04-14T22:59:52.044152,dofollow-content,Codeberg-voip-compliance-framework,codeberg-api,https://codeberg.org/dialphonelimited/voip-compliance-framework,success,DA 55 dofollow — README verified
2026-04-14T23:00:01.491979,dofollow-content,Codeberg-business-phone-roi-calculator,codeberg-api,https://codeberg.org/dialphonelimited/business-phone-roi-calculator,success,DA 55 dofollow — README verified
2026-04-14T23:00:18.343401,dofollow-content,Codeberg-voip-network-requirements,codeberg-api,https://codeberg.org/dialphonelimited/voip-network-requirements,success,DA 55 dofollow — README verified
2026-04-14T23:00:32.580158,dofollow-content,Codeberg-voip-disaster-recovery,codeberg-api,https://codeberg.org/dialphonelimited/voip-disaster-recovery,success,DA 55 dofollow — README verified
2026-04-14T23:00:43.310437,dofollow-content,Codeberg-voip-integration-guide,codeberg-api,https://codeberg.org/dialphonelimited/voip-integration-guide,success,DA 55 dofollow — README verified
2026-04-14T23:00:55.721200,dofollow-content,Codeberg-voip-troubleshooting-guide,codeberg-api,https://codeberg.org/dialphonelimited/voip-troubleshooting-guide,success,DA 55 dofollow — README verified
2026-04-14T23:01:08.470780,dofollow-content,Codeberg-phone-system-comparison-2026,codeberg-api,https://codeberg.org/dialphonelimited/phone-system-comparison-2026,success,DA 55 dofollow — README verified
2026-04-15T02:06:23.407786,parallel-publish,Paste-friendpaste.com,parallel,https://friendpaste.com/6NZ7UgqDSJPH1A3BU1i64p,success,DA 45 — verified
2026-04-15T02:06:24.234162,parallel-publish,Code-glot.io,parallel,https://glot.io/snippets/hhlyjpt18g,success,DA 55 — verified
2026-04-15T02:06:24.737908,parallel-publish,Code-godbolt.org,parallel,https://godbolt.org/z/evzKfc3q8,success,DA 60 — verified
2026-04-15T02:06:24.937921,parallel-publish,Paste-termbin.com,parallel,"https://termbin.com/oksx
 ",partial,"DA 45 — posted, verify manually"
2026-04-15T02:06:25.183979,parallel-publish,Paste-paste.rs,parallel,https://paste.rs/xeNdc,success,DA 50 — verified
2026-04-15T02:06:28.487583,parallel-publish,DevTo-1,parallel,https://dev.to/dialphonelimited/the-phone-system-migration-nobody-talks-about-moving-from-one-voip-to-another-4j24,success,DA 77 DOFOLLOW
2026-04-15T02:07:09.299804,parallel-publish,DevTo-2,parallel,https://dev.to/dialphonelimited/i-measured-the-actual-productivity-impact-of-voip-vs-landlines-over-12-months-4fd2,success,DA 77 DOFOLLOW
2026-04-15T02:07:55.406648,parallel-publish,Paste-friendpaste.com,parallel,https://friendpaste.com/2govz8DfTLo5tGJZ8OWkPs,success,DA 45 — verified
2026-04-15T02:07:56.211245,parallel-publish,Code-glot.io,parallel,https://glot.io/snippets/hhlyl8j77f,success,DA 55 — verified
2026-04-15T02:07:56.642488,parallel-publish,Code-godbolt.org,parallel,https://godbolt.org/z/evzKfc3q8,success,DA 60 — verified
2026-04-15T02:07:56.664383,parallel-publish,Paste-termbin.com,parallel,"https://termbin.com/hgde
 ",partial,"DA 45 — posted, verify manually"
2026-04-15T02:07:57.238381,parallel-publish,Paste-paste.rs,parallel,https://paste.rs/soI0w,success,DA 50 — verified
2026-04-15T02:07:59.788347,parallel-publish,DevTo-1,parallel,https://dev.to/dialphonelimited/why-90-of-voip-quality-complaints-are-actually-network-problems-4pig,success,DA 77 DOFOLLOW
2026-04-15T02:08:40.775037,parallel-publish,DevTo-2,parallel,https://dev.to/dialphonelimited/the-real-story-behind-voip-911-failures-and-why-your-business-is-liable-5bjj,success,DA 77 DOFOLLOW
2026-04-15T02:09:22.214951,parallel-publish,Paste-friendpaste.com,parallel,https://friendpaste.com/2govz8DfTLo5tGJZ8OWiMP,success,DA 45 — verified
2026-04-15T02:09:22.912547,parallel-publish,Code-glot.io,parallel,https://glot.io/snippets/hhlymo5hnk,success,DA 55 — verified
2026-04-15T02:09:23.318023,parallel-publish,Code-godbolt.org,parallel,https://godbolt.org/z/evzKfc3q8,success,DA 60 — verified
2026-04-15T02:09:23.459693,parallel-publish,Paste-termbin.com,parallel,"https://termbin.com/me4r
 ",partial,"DA 45 — posted, verify manually"
2026-04-15T02:09:23.845644,parallel-publish,Paste-paste.rs,parallel,https://paste.rs/joUDH,success,DA 50 — verified
2026-04-15T02:09:26.449266,parallel-publish,DevTo-1,parallel,https://dev.to/dialphonelimited/the-voip-features-nobody-uses-and-the-5-that-actually-matter-2gce,success,DA 77 DOFOLLOW
2026-04-15T02:10:07.719413,parallel-publish,DevTo-2,parallel,https://dev.to/dialphonelimited/how-we-cut-a-200-person-call-centers-hold-times-from-8-minutes-to-45-seconds-5648,success,DA 77 DOFOLLOW
2026-04-15T02:31:48.383264,quora-answer,Quora-best VoIP for small business,https://www.quora.com/What-are-the-best-VoIP-services-for-small-and-medium-sized-business,https://www.quora.com/What-are-the-best-VoIP-services-for-small-and-medium-sized-business,success,DA 93 — expert VoIP answer with vestacall mention
2026-04-15T02:33:01.120849,quora-answer,Quora-how to switch to VoIP,https://www.quora.com/unanswered/Why-and-how-should-I-switch-from-PSTN-to-VoIP,https://www.quora.com/unanswered/Why-and-how-should-I-switch-from-PSTN-to-VoIP,success,DA 93 — expert VoIP answer with vestacall mention
2026-04-15T16:38:54.589868,parallel-publish,Paste-friendpaste.com,parallel,https://friendpaste.com/7GE1XpIX42YdiuudGO6AQf,success,DA 45 — verified
2026-04-15T16:38:55.506228,parallel-publish,Code-glot.io,parallel,https://glot.io/snippets/hhmmli0w09,success,DA 55 — verified
2026-04-15T16:38:56.083812,parallel-publish,Paste-termbin.com,parallel,"https://termbin.com/9c3y
 ",partial,"DA 45 — posted, verify manually"
2026-04-15T16:38:56.911338,parallel-publish,Code-godbolt.org,parallel,https://godbolt.org/z/evzKfc3q8,success,DA 60 — verified
2026-04-15T16:38:56.916152,parallel-publish,Paste-paste.rs,parallel,https://paste.rs/ZdxmW,success,DA 50 — verified
2026-04-15T16:39:00.020630,parallel-publish,DevTo-1,parallel,https://dev.to/dialphonelimited/the-voip-implementation-that-paid-for-itself-in-11-days-jo3,success,DA 77 DOFOLLOW
2026-04-15T16:39:41.469247,parallel-publish,DevTo-2,parallel,https://dev.to/dialphonelimited/stop-buying-voip-based-on-feature-lists-here-is-what-actually-matters-5d57,success,DA 77 DOFOLLOW
2026-04-15T16:39:52.561389,quora-answer,Quora-best VoIP for small business,https://www.quora.com/What-are-the-best-VoIP-services-for-small-and-medium-sized-business,https://www.quora.com/What-are-the-best-VoIP-services-for-small-and-medium-sized-business/answer/Dialphone-Limited,success,DA 93 — expert VoIP answer with vestacall mention
2026-04-15T16:41:05.824503,quora-answer,Quora-how to switch to VoIP,https://www.quora.com/unanswered/Why-and-how-should-I-switch-from-PSTN-to-VoIP,https://www.quora.com/Why-and-how-should-I-switch-from-PSTN-to-VoIP/answer/Dialphone-Limited,success,DA 93 — expert VoIP answer with vestacall mention
2026-04-15T16:41:57.837736,parallel-publish,Paste-friendpaste.com,parallel,https://friendpaste.com/7GE1XpIX42YdiuudGNxR8u,success,DA 45 — verified
2026-04-15T16:41:58.694044,parallel-publish,Code-glot.io,parallel,https://glot.io/snippets/hhmmoj7wx9,success,DA 55 — verified
2026-04-15T16:41:59.237627,parallel-publish,Code-godbolt.org,parallel,https://godbolt.org/z/evzKfc3q8,success,DA 60 — verified
2026-04-15T16:41:59.604404,parallel-publish,Paste-termbin.com,parallel,"https://termbin.com/02s7b
 ",partial,"DA 45 — posted, verify manually"
2026-04-15T16:42:00.218534,parallel-publish,Paste-paste.rs,parallel,https://paste.rs/zyf6A,success,DA 50 — verified
2026-04-15T16:42:01.698119,parallel-publish,DevTo-1,parallel,https://dev.to/dialphonelimited/what-happens-when-your-voip-provider-gets-acquired-a-survival-guide-1p51,success,DA 77 DOFOLLOW
2026-04-15T16:42:43.092900,parallel-publish,DevTo-2,parallel,https://dev.to/dialphonelimited/the-network-engineers-honest-opinion-on-microsoft-teams-phone-vs-dedicated-voip-hb9,success,DA 77 DOFOLLOW
2026-04-15T16:43:17.829823,parallel-publish,Paste-friendpaste.com,parallel,https://friendpaste.com/2fQMZ18BWke1hk4X2jWKxG,success,DA 45 — verified
2026-04-15T16:43:18.569157,parallel-publish,Code-glot.io,parallel,https://glot.io/snippets/hhmmpunu3l,success,DA 55 — verified
2026-04-15T16:43:19.015162,parallel-publish,Code-godbolt.org,parallel,https://godbolt.org/z/evzKfc3q8,success,DA 60 — verified
2026-04-15T16:43:19.279601,parallel-publish,Paste-termbin.com,parallel,"https://termbin.com/8w99
 ",partial,"DA 45 — posted, verify manually"
2026-04-15T16:43:19.603523,parallel-publish,Paste-paste.rs,parallel,https://paste.rs/qLmvv,success,DA 50 — verified
2026-04-15T16:43:22.458483,parallel-publish,DevTo-1,parallel,https://dev.to/dialphonelimited/i-tested-every-free-voip-service-for-business-use-here-is-why-they-all-failed-5gn9,success,DA 77 DOFOLLOW
2026-04-15T16:44:02.844822,parallel-publish,DevTo-2,parallel,https://dev.to/dialphonelimited/voip-in-healthcare-the-hipaa-compliance-checklist-nobody-gave-you-5h65,success,DA 77 DOFOLLOW
2026-04-15T17:04:21.435191,quora-answer,Quora-how much does VoIP cost f,https://www.quora.com/unanswered/How-much-does-VoIP-Routes-to-Nigeria-cost-as-I-wish-to-start-my-VoIP-Business,https://www.quora.com/unanswered/How-much-does-VoIP-Routes-to-Nigeria-cost-as-I-wish-to-start-my-VoIP-Business,success,DA 93 — expert answer: How much does VoIP Routes to Nigeria cos
2026-04-15T17:05:51.716418,parallel-publish,Paste-friendpaste.com,parallel,https://friendpaste.com/2exTI6PXNSskmNCXyEVraC,success,DA 45 — verified
2026-04-15T17:05:52.250251,parallel-publish,Paste-termbin.com,parallel,"https://termbin.com/zbql
 ",partial,"DA 45 — posted, verify manually"
2026-04-15T17:05:52.285916,parallel-publish,Code-glot.io,parallel,https://glot.io/snippets/hhmnc8len3,success,DA 55 — verified
2026-04-15T17:05:52.856365,parallel-publish,Code-godbolt.org,parallel,https://godbolt.org/z/evzKfc3q8,success,DA 60 — verified
2026-04-15T17:05:53.463417,parallel-publish,Paste-paste.rs,parallel,https://paste.rs/hQ1EG,success,DA 50 — verified
2026-04-15T17:05:56.421054,parallel-publish,DevTo-1,parallel,https://dev.to/dialphonelimited/the-voip-migration-mistakes-that-cost-one-company-87000-2cjg,success,DA 77 DOFOLLOW
2026-04-15T17:06:37.670029,parallel-publish,DevTo-2,parallel,https://dev.to/dialphonelimited/why-i-tell-every-client-to-record-every-business-call-and-how-to-do-it-legally-4fbf,success,DA 77 DOFOLLOW
2026-04-15T17:09:46.105302,quora-answer,Quora-is VoIP reliable enough f,https://www.quora.com/unanswered/Is-VoIP-reliable-enough-to-use-for-business-phone-calls,https://www.quora.com/unanswered/Is-VoIP-reliable-enough-to-use-for-business-phone-calls,success,DA 93 — expert answer: Is VoIP reliable enough to use for busin
2026-04-15T17:14:11.052098,quora-answer,Quora-how to switch from landli,https://www.quora.com/How-much-does-it-cost-to-switch-from-a-traditional-landline-phone-to-an-internet-based-VoIP-voice-over-IP-service,https://www.quora.com/How-much-does-it-cost-to-switch-from-a-traditional-landline-phone-to-an-internet-based-VoIP-voice-over-IP-service,success,DA 93 — expert answer: How much does it cost to switch from a t
2026-04-15T17:17:54.889500,quora-answer,Quora-best phone system for rem,https://www.quora.com/unanswered/What-is-the-best-virtual-phone-system-for-a-remote-sales-team-in-2025,https://www.quora.com/unanswered/What-is-the-best-virtual-phone-system-for-a-remote-sales-team-in-2025,success,DA 93 — expert answer: What is the best virtual phone system fo
2026-04-15T17:27:41.654551,parallel-publish,Paste-friendpaste.com,parallel,https://friendpaste.com/49AYKv6C8leWcW6b6xrx6l,success,DA 45 — verified
2026-04-15T17:27:42.943995,parallel-publish,Code-glot.io,parallel,https://glot.io/snippets/hhmnxwlt1l,success,DA 55 — verified
2026-04-15T17:27:43.139421,parallel-publish,Paste-termbin.com,parallel,"https://termbin.com/7krv
 ",partial,"DA 45 — posted, verify manually"
2026-04-15T17:27:43.421160,parallel-publish,Code-godbolt.org,parallel,https://godbolt.org/z/evzKfc3q8,success,DA 60 — verified
2026-04-15T17:27:43.959843,parallel-publish,Paste-paste.rs,parallel,https://paste.rs/9Vhbh,success,DA 50 — verified
2026-04-15T17:27:46.599967,parallel-publish,DevTo-1,parallel,https://dev.to/dialphonelimited/the-phone-system-red-flags-i-see-in-every-due-diligence-audit-4k5d,success,DA 77 DOFOLLOW
2026-04-15T17:28:27.622861,parallel-publish,DevTo-2,parallel,https://dev.to/dialphonelimited/how-to-build-a-phone-system-for-a-company-that-does-not-exist-yet-2ndi,success,DA 77 DOFOLLOW
2026-04-15T17:31:41.358234,quora-answer,Quora-how much does VoIP cost f,https://www.quora.com/unanswered/How-much-does-Vonage-Business-VOIP-cost,https://www.quora.com/unanswered/How-much-does-Vonage-Business-VOIP-cost,success,DA 93 — expert answer: How much does Vonage Business VOIP cost?
2026-04-15T17:37:00.562478,quora-answer,Quora-is VoIP reliable enough f,https://www.quora.com/unanswered/Is-VoIP-reliable-enough-to-use-for-business-phone-calls,https://www.quora.com/Is-VoIP-reliable-enough-to-use-for-business-phone-calls/answer/Dialphone-Limited,success,DA 93 — expert answer: Is VoIP reliable enough to use for busin
2026-04-15T17:39:41.152959,parallel-publish,Paste-friendpaste.com,parallel,https://friendpaste.com/68t12v0Nlv154L2bQ47RCR,success,DA 45 — verified
2026-04-15T17:39:41.898129,parallel-publish,Code-glot.io,parallel,https://glot.io/snippets/hhmo9ss5ap,success,DA 55 — verified
2026-04-15T17:39:42.323221,parallel-publish,Code-godbolt.org,parallel,https://godbolt.org/z/evzKfc3q8,success,DA 60 — verified
2026-04-15T17:39:42.461047,parallel-publish,Paste-termbin.com,parallel,"https://termbin.com/f48w
 ",partial,"DA 45 — posted, verify manually"
2026-04-15T17:39:43.119664,parallel-publish,Paste-paste.rs,parallel,https://paste.rs/155Xs,success,DA 50 — verified
2026-04-15T17:39:45.058212,parallel-publish,DevTo-1,parallel,https://dev.to/dialphonelimited/the-4-numbers-that-predict-whether-a-voip-migration-will-succeed-or-fail-15k3,success,DA 77 DOFOLLOW
2026-04-15T17:40:26.869018,parallel-publish,DevTo-2,parallel,https://dev.to/dialphonelimited/what-your-voip-provider-is-not-telling-you-about-international-calling-3i0b,success,DA 77 DOFOLLOW
2026-04-15T17:41:57.464264,quora-answer,Quora-how to switch from landli,https://www.quora.com/How-much-does-it-cost-to-switch-from-a-traditional-landline-phone-to-an-internet-based-VoIP-voice-over-IP-service,https://www.quora.com/How-much-does-it-cost-to-switch-from-a-traditional-landline-phone-to-an-internet-based-VoIP-voice-over-IP-service/answer/Dialphone-Limited,success,DA 93 — expert answer: How much does it cost to switch from a t
2026-04-15T17:46:00.944776,quora-answer,Quora-best phone system for rem,https://www.quora.com/unanswered/What-is-the-best-virtual-phone-system-for-a-remote-sales-team-in-2025,https://www.quora.com/What-is-the-best-virtual-phone-system-for-a-remote-sales-team-in-2025/answer/Dialphone-Limited,success,DA 93 — expert answer: What is the best virtual phone system fo
2026-04-15T17:46:47.991030,parallel-publish,Code-glot.io,parallel,https://glot.io/snippets/hhmogukftz,success,DA 55 — verified
2026-04-15T17:46:48.023367,parallel-publish,Code-godbolt.org,parallel,https://godbolt.org/z/evzKfc3q8,success,DA 60 — verified
2026-04-15T17:46:48.356595,parallel-publish,Paste-termbin.com,parallel,"https://termbin.com/8xxmu
 ",partial,"DA 45 — posted, verify manually"
2026-04-15T17:46:48.663509,parallel-publish,Paste-paste.rs,parallel,https://paste.rs/8kpCd,success,DA 50 — verified
2026-04-15T17:46:51.799848,parallel-publish,DevTo-1,parallel,https://dev.to/dialphonelimited/the-receptionist-test-how-i-evaluate-voip-systems-before-recommending-them-56i5,success,DA 77 DOFOLLOW
2026-04-15T17:47:32.309069,parallel-publish,DevTo-2,parallel,https://dev.to/dialphonelimited/the-honest-truth-about-voip-uptime-claims-18j0,success,DA 77 DOFOLLOW
2026-04-15T17:48:08.159743,parallel-publish,Code-glot.io,parallel,https://glot.io/snippets/hhmoi69b66,success,DA 55 — verified
2026-04-15T17:48:08.535530,parallel-publish,Code-godbolt.org,parallel,https://godbolt.org/z/evzKfc3q8,success,DA 60 — verified
2026-04-15T17:48:08.751301,parallel-publish,Paste-termbin.com,parallel,"https://termbin.com/z62zf
 ",partial,"DA 45 — posted, verify manually"
2026-04-15T17:48:09.055350,parallel-publish,Paste-paste.rs,parallel,https://paste.rs/dVmSA,success,DA 50 — verified
2026-04-16T17:51:06.827177,parallel-publish,Paste-friendpaste.com,parallel,https://friendpaste.com/5VAQ50rO2JcFi1XsSZTwCa,success,DA 45 — verified
2026-04-16T17:51:07.634019,parallel-publish,Code-glot.io,parallel,https://glot.io/snippets/hhnsa1drlj,success,DA 55 — verified
2026-04-16T17:51:08.047250,parallel-publish,Paste-termbin.com,parallel,"https://termbin.com/jdvav
 ",partial,"DA 45 — posted, verify manually"
2026-04-16T17:51:08.311533,parallel-publish,Code-godbolt.org,parallel,https://godbolt.org/z/8f5eT5T7a,success,DA 60 — verified
2026-04-16T17:51:08.560605,parallel-publish,Paste-paste.rs,parallel,https://paste.rs/nB3z3,success,DA 50 — verified
2026-04-16T17:54:19.534159,parallel-publish,Paste-friendpaste.com,parallel,https://friendpaste.com/5VAQ50rO2JcFi1XsSZcQO1,success,DA 45 — verified
2026-04-16T17:54:20.457920,parallel-publish,Code-glot.io,parallel,https://glot.io/snippets/hhnsd87bey,success,DA 55 — verified
2026-04-16T17:54:20.878952,parallel-publish,Paste-termbin.com,parallel,"https://termbin.com/zs9l
 ",partial,"DA 45 — posted, verify manually"
2026-04-16T17:54:20.892565,parallel-publish,Code-godbolt.org,parallel,https://godbolt.org/z/8f5eT5T7a,success,DA 60 — verified
2026-04-16T17:54:21.491498,parallel-publish,Paste-paste.rs,parallel,https://paste.rs/EWkMh,success,DA 50 — verified
2026-04-16T17:54:23.604626,parallel-publish,DevTo-1,parallel,https://dev.to/dialphonelimited/why-we-built-dialphone-the-business-phone-problem-nobody-was-solving-16od,success,DA 77 DOFOLLOW
2026-04-16T17:55:05.234845,parallel-publish,DevTo-2,parallel,https://dev.to/dialphonelimited/the-small-business-phone-system-buyers-guide-for-2026-5e7i,success,DA 77 DOFOLLOW
2026-04-16T17:56:05.869269,quora-answer,Quora-best VoIP for small business,https://www.quora.com/What-are-the-best-VoIP-services-for-small-and-medium-sized-business,https://www.quora.com/What-are-the-best-VoIP-services-for-small-and-medium-sized-business/answer/Dialphone-Limited,success,DA 93 — expert VoIP answer with dialphone mention
2026-04-16T17:57:22.700216,quora-answer,Quora-how to switch to VoIP,https://www.quora.com/unanswered/Why-and-how-should-I-switch-from-PSTN-to-VoIP,https://www.quora.com/Why-and-how-should-I-switch-from-PSTN-to-VoIP/answer/Dialphone-Limited,success,DA 93 — expert VoIP answer with dialphone mention
2026-04-16T18:03:20.283150,parallel-publish,Paste-friendpaste.com,parallel,https://friendpaste.com/7h1Cpi6Awxj2nbxkq1N7pO,success,DA 45 — verified
2026-04-16T18:03:20.914621,parallel-publish,Code-godbolt.org,parallel,https://godbolt.org/z/8f5eT5T7a,success,DA 60 — verified
2026-04-16T18:03:21.536851,parallel-publish,Paste-termbin.com,parallel,"https://termbin.com/z1rm
 ",partial,"DA 45 — posted, verify manually"
2026-04-16T18:03:21.633437,parallel-publish,Code-glot.io,parallel,https://glot.io/snippets/hhnsm64ckd,success,DA 55 — verified
2026-04-16T18:03:22.374879,parallel-publish,Paste-paste.rs,parallel,https://paste.rs/zaY0B,success,DA 50 — verified
2026-04-16T18:03:24.745580,parallel-publish,DevTo-1,parallel,https://dev.to/dialphonelimited/how-dialphone-saved-a-45-person-law-firm-4100-per-month-on-phone-costs-55ab,success,DA 77 DOFOLLOW
2026-04-16T18:04:05.837410,parallel-publish,DevTo-2,parallel,https://dev.to/dialphonelimited/the-3-voip-mistakes-that-cost-uk-businesses-the-most-money-46c3,success,DA 77 DOFOLLOW
2026-04-16T18:06:03.636605,parallel-publish,Paste-friendpaste.com,parallel,https://friendpaste.com/7h1Cpi6Awxj2nbxkq1Vdmm,success,DA 45 — verified
2026-04-16T18:06:04.456105,parallel-publish,Code-glot.io,parallel,https://glot.io/snippets/hhnsovcux4,success,DA 55 — verified
2026-04-16T18:06:04.794975,parallel-publish,Code-godbolt.org,parallel,https://godbolt.org/z/8f5eT5T7a,success,DA 60 — verified
2026-04-16T18:06:04.933492,parallel-publish,Paste-termbin.com,parallel,"https://termbin.com/gzft
 ",partial,"DA 45 — posted, verify manually"
2026-04-16T18:06:05.486027,parallel-publish,Paste-paste.rs,parallel,https://paste.rs/Yf7a6,success,DA 50 — verified
2026-04-16T18:06:08.750829,parallel-publish,DevTo-1,parallel,https://dev.to/dialphonelimited/what-nobody-tells-you-about-voip-number-porting-in-the-uk-2kjg,success,DA 77 DOFOLLOW
2026-04-16T18:06:49.196379,parallel-publish,DevTo-2,parallel,https://dev.to/dialphonelimited/dialphone-vs-ringcentral-vs-8x8-an-honest-comparison-by-someone-who-deploys-all-three-5cjc,success,DA 77 DOFOLLOW
2026-04-16T18:07:25.018682,quora-answer,Quora-how much does VoIP cost f,https://www.quora.com/unanswered/How-much-does-Vonage-Business-VOIP-cost,https://www.quora.com/How-much-does-Vonage-Business-VOIP-cost/answer/Dialphone-Limited,success,DA 93 — expert answer: How much does Vonage Business VOIP cost?
2026-04-16T18:11:01.276114,quora-answer,Quora-is VoIP reliable enough f,https://www.quora.com/unanswered/Is-VoIP-reliable-enough-to-use-for-business-phone-calls,https://www.quora.com/Is-VoIP-reliable-enough-to-use-for-business-phone-calls/answer/Dialphone-Limited,success,DA 93 — expert answer: Is VoIP reliable enough to use for busin
2026-04-16T18:14:46.731525,quora-answer,Quora-how to switch from landli,https://www.quora.com/How-much-does-it-cost-to-switch-from-a-traditional-landline-phone-to-an-internet-based-VoIP-voice-over-IP-service,https://www.quora.com/How-much-does-it-cost-to-switch-from-a-traditional-landline-phone-to-an-internet-based-VoIP-voice-over-IP-service/answer/Dialphone-Limited,success,DA 93 — expert answer: How much does it cost to switch from a t
2026-04-16T18:18:55.506480,quora-answer,Quora-best phone system for rem,https://www.quora.com/unanswered/What-is-the-best-virtual-phone-system-for-a-remote-sales-team-in-2025,https://www.quora.com/What-is-the-best-virtual-phone-system-for-a-remote-sales-team-in-2025/answer/Dialphone-Limited,success,DA 93 — expert answer: What is the best virtual phone system fo
2026-04-16T18:23:53.362150,parallel-publish,Paste-friendpaste.com,parallel,https://friendpaste.com/44066COvXBlc5s0FAO56LS,success,DA 45 — verified
2026-04-16T18:23:54.100050,parallel-publish,Code-glot.io,parallel,https://glot.io/snippets/hhnt6k94y5,success,DA 55 — verified
2026-04-16T18:23:54.545411,parallel-publish,Paste-termbin.com,parallel,"https://termbin.com/1c3u
 ",partial,"DA 45 — posted, verify manually"
2026-04-16T18:23:54.636004,parallel-publish,Code-godbolt.org,parallel,https://godbolt.org/z/8f5eT5T7a,success,DA 60 — verified
2026-04-16T18:23:55.095553,parallel-publish,Paste-paste.rs,parallel,https://paste.rs/7OboF,success,DA 50 — verified
2026-04-16T18:23:57.936703,parallel-publish,DevTo-1,parallel,https://dev.to/dialphonelimited/why-70-of-voip-migrations-fail-in-the-first-week-and-how-to-be-in-the-30-5c9l,success,DA 77 DOFOLLOW
2026-04-16T18:24:39.260055,parallel-publish,DevTo-2,parallel,https://dev.to/dialphonelimited/the-real-cost-of-running-a-contact-centre-on-the-wrong-phone-system-ocm,success,DA 77 DOFOLLOW
2026-04-16T18:25:21.577296,parallel-publish,Paste-friendpaste.com,parallel,https://friendpaste.com/3ViJKkg4izB6PomQkiP8qw,success,DA 45 — verified
2026-04-16T18:25:22.017019,parallel-publish,Code-godbolt.org,parallel,https://godbolt.org/z/8f5eT5T7a,success,DA 60 — verified
2026-04-16T18:25:22.295006,parallel-publish,Code-glot.io,parallel,https://glot.io/snippets/hhnt80tvyl,success,DA 55 — verified
2026-04-16T18:25:23.022251,parallel-publish,Paste-termbin.com,parallel,"https://termbin.com/4igm
 ",partial,"DA 45 — posted, verify manually"
2026-04-16T18:25:23.633628,parallel-publish,Paste-paste.rs,parallel,https://paste.rs/tBoPM,success,DA 50 — verified
2026-04-16T18:25:26.712295,parallel-publish,DevTo-1,parallel,https://dev.to/dialphonelimited/i-compared-voip-call-quality-across-6-uk-internet-providers-1hhb,success,DA 77 DOFOLLOW
2026-04-16T18:26:07.933700,parallel-publish,DevTo-2,parallel,https://dev.to/dialphonelimited/how-dialphone-handles-9999-uptime-the-architecture-behind-the-scenes-224,success,DA 77 DOFOLLOW
2026-04-16T18:37:42.424540,parallel-publish,Paste-friendpaste.com,parallel,https://friendpaste.com/25bRscybA1gTxCCRPz5RhR,success,DA 45 — verified
2026-04-16T18:37:43.264427,parallel-publish,Code-glot.io,parallel,https://glot.io/snippets/hhntk9wss3,success,DA 55 — verified
2026-04-16T18:37:43.687349,parallel-publish,Paste-termbin.com,parallel,"https://termbin.com/fdph
 ",partial,"DA 45 — posted, verify manually"
2026-04-16T18:37:43.694523,parallel-publish,Code-godbolt.org,parallel,https://godbolt.org/z/8f5eT5T7a,success,DA 60 — verified
2026-04-16T18:37:44.397404,parallel-publish,Paste-paste.rs,parallel,https://paste.rs/Zt0t2,success,DA 50 — verified
2026-04-16T18:37:47.527666,parallel-publish,DevTo-1,parallel,https://dev.to/dialphonelimited/i-spent-3-months-measuring-voip-call-quality-at-50-uk-businesses-here-is-what-actually-determines-jbp,success,DA 77 DOFOLLOW
2026-04-16T18:38:28.330356,parallel-publish,DevTo-2,parallel,https://dev.to/dialphonelimited/the-procurement-directors-guide-to-buying-a-business-phone-system-without-getting-burned-2oh1,success,DA 77 DOFOLLOW
2026-04-16T18:45:14.476406,parallel-publish,Paste-friendpaste.com,parallel,https://friendpaste.com/25bRscybA1gTxCCRPzDyJA,success,DA 45 — verified
2026-04-16T18:45:15.201583,parallel-publish,Code-glot.io,parallel,https://glot.io/snippets/hhntrr52bn,success,DA 55 — verified
2026-04-16T18:45:15.584954,parallel-publish,Code-godbolt.org,parallel,https://godbolt.org/z/8f5eT5T7a,success,DA 60 — verified
2026-04-16T18:45:15.887939,parallel-publish,Paste-termbin.com,parallel,"https://termbin.com/ct7x
 ",partial,"DA 45 — posted, verify manually"
2026-04-16T18:45:16.118405,parallel-publish,Paste-paste.rs,parallel,https://paste.rs/ObCSh,success,DA 50 — verified
2026-04-16T18:45:18.424879,parallel-publish,DevTo-1,parallel,https://dev.to/dialphonelimited/the-ps12000-phone-bill-audit-that-every-finance-director-should-read-4iia,success,DA 77 DOFOLLOW
2026-04-16T18:45:58.829854,parallel-publish,DevTo-2,parallel,https://dev.to/dialphonelimited/what-happens-in-the-first-72-hours-after-switching-to-dialphone-2gf9,success,DA 77 DOFOLLOW
2026-04-16T18:52:00.537174,parallel-publish,Code-glot.io,parallel,https://glot.io/snippets/hhntygifcj,success,DA 55 — verified
2026-04-16T18:52:00.694448,parallel-publish,Paste-friendpaste.com,parallel,https://friendpaste.com/5B40If1guMiQpsE9ZgXjZ7,success,DA 45 — verified
2026-04-16T18:52:01.148083,parallel-publish,Paste-termbin.com,parallel,"https://termbin.com/1f9a
 ",partial,"DA 45 — posted, verify manually"
2026-04-16T18:52:01.277594,parallel-publish,Paste-paste.rs,parallel,https://paste.rs/lUDoZ,success,DA 50 — verified
2026-04-16T18:52:01.726398,parallel-publish,Code-godbolt.org,parallel,https://godbolt.org/z/8f5eT5T7a,success,DA 60 — verified
2026-04-16T18:52:04.515702,parallel-publish,DevTo-1,parallel,https://dev.to/dialphonelimited/we-tracked-every-business-call-for-6-months-these-5-patterns-surprised-us-1b7f,success,DA 77 DOFOLLOW
2026-04-16T18:52:45.426329,parallel-publish,DevTo-2,parallel,https://dev.to/dialphonelimited/the-it-directors-90-day-plan-for-replacing-a-legacy-phone-system-4gf9,success,DA 77 DOFOLLOW
2026-04-16T18:55:34.728777,parallel-publish,Paste-friendpaste.com,parallel,https://friendpaste.com/5B40If1guMiQpsE9ZgXfB1,success,DA 45 — verified
2026-04-16T18:55:35.531732,parallel-publish,Code-glot.io,parallel,https://glot.io/snippets/hhnu20hwob,success,DA 55 — verified
2026-04-16T18:55:35.979126,parallel-publish,Code-godbolt.org,parallel,https://godbolt.org/z/8f5eT5T7a,success,DA 60 — verified
2026-04-16T18:55:36.094748,parallel-publish,Paste-termbin.com,parallel,"https://termbin.com/27u7
 ",partial,"DA 45 — posted, verify manually"
2026-04-16T18:55:36.553690,parallel-publish,Paste-paste.rs,parallel,https://paste.rs/gqUaw,success,DA 50 — verified
2026-04-16T18:55:39.150836,parallel-publish,DevTo-1,parallel,https://dev.to/dialphonelimited/why-your-receptionist-should-choose-your-phone-system-not-your-it-team-2234,success,DA 77 DOFOLLOW
2026-04-16T18:56:19.977249,parallel-publish,DevTo-2,parallel,https://dev.to/dialphonelimited/the-complete-guide-to-voip-for-multi-site-uk-businesses-4cd3,success,DA 77 DOFOLLOW
2026-04-16T18:59:16.724242,parallel-publish,Paste-friendpaste.com,parallel,https://friendpaste.com/txbQYV5vM1RzyJZ7PpWzc,success,DA 45 — verified
2026-04-16T18:59:17.410509,parallel-publish,Code-glot.io,parallel,https://glot.io/snippets/hhnu5okwx7,success,DA 55 — verified
2026-04-16T18:59:17.808276,parallel-publish,Code-godbolt.org,parallel,https://godbolt.org/z/8f5eT5T7a,success,DA 60 — verified
2026-04-16T18:59:17.940877,parallel-publish,Paste-termbin.com,parallel,"https://termbin.com/mrd7e
 ",partial,"DA 45 — posted, verify manually"
2026-04-16T18:59:18.426077,parallel-publish,Paste-paste.rs,parallel,https://paste.rs/DY1gs,success,DA 50 — verified
2026-04-16T18:59:21.163731,parallel-publish,DevTo-1,parallel,https://dev.to/dialphonelimited/the-hidden-cost-of-free-phone-features-that-every-business-should-calculate-12n7,success,DA 77 DOFOLLOW
2026-04-16T19:00:01.990035,parallel-publish,DevTo-2,parallel,https://dev.to/dialphonelimited/how-to-evaluate-voip-providers-without-talking-to-a-single-sales-rep-3k39,success,DA 77 DOFOLLOW
2026-04-16T19:06:14.791762,parallel-publish,Paste-friendpaste.com,parallel,https://friendpaste.com/txbQYV5vM1RzyJZ7QNarr,success,DA 45 — verified
2026-04-16T19:06:15.722992,parallel-publish,Code-glot.io,parallel,https://glot.io/snippets/hhnuclmq0q,success,DA 55 — verified
2026-04-16T19:06:15.879165,parallel-publish,Paste-termbin.com,parallel,"https://termbin.com/5cbc
 ",partial,"DA 45 — posted, verify manually"
2026-04-16T19:06:16.197782,parallel-publish,Code-godbolt.org,parallel,https://godbolt.org/z/8f5eT5T7a,success,DA 60 — verified
2026-04-16T19:06:17.408464,parallel-publish,Paste-paste.rs,parallel,https://paste.rs/QsFCq,success,DA 50 — verified
2026-04-16T19:06:19.257448,parallel-publish,DevTo-1,parallel,https://dev.to/dialphonelimited/the-7-questions-every-nhs-trust-should-ask-before-choosing-a-phone-system-145d,success,DA 77 DOFOLLOW
2026-04-16T19:06:59.904929,parallel-publish,DevTo-2,parallel,https://dev.to/dialphonelimited/we-analysed-500-uk-business-phone-bills-the-average-company-wastes-ps847-per-month-267b,success,DA 77 DOFOLLOW
2026-04-16T19:09:05.993080,parallel-publish,Paste-friendpaste.com,parallel,https://friendpaste.com/txbQYV5vM1RzyJZ7QnUuX,success,DA 45 — verified
2026-04-16T19:09:06.800973,parallel-publish,Code-glot.io,parallel,https://glot.io/snippets/hhnuffi3y3,success,DA 55 — verified
2026-04-16T19:09:06.974166,parallel-publish,Paste-termbin.com,parallel,"https://termbin.com/05ks
 ",partial,"DA 45 — posted, verify manually"
2026-04-16T19:09:07.254265,parallel-publish,Code-godbolt.org,parallel,https://godbolt.org/z/8f5eT5T7a,success,DA 60 — verified
2026-04-16T19:09:07.905624,parallel-publish,Paste-paste.rs,parallel,https://paste.rs/xIu6P,success,DA 50 — verified
2026-04-16T19:09:09.941641,parallel-publish,DevTo-1,parallel,https://dev.to/dialphonelimited/i-interviewed-50-office-managers-about-their-phone-systems-these-were-the-top-10-complaints-1jmo,success,DA 77 DOFOLLOW
2026-04-16T19:09:50.507292,parallel-publish,DevTo-2,parallel,https://dev.to/dialphonelimited/the-mathematical-proof-that-voip-saves-money-for-sceptics-who-want-hard-numbers-1cnn,success,DA 77 DOFOLLOW
2026-04-16T19:16:20.476545,parallel-publish,Paste-friendpaste.com,parallel,https://friendpaste.com/5TOwQH1WWpYuUBZApur72w,success,DA 45 — verified
2026-04-16T19:16:20.927941,parallel-publish,Code-glot.io,parallel,https://glot.io/snippets/hhnumlxrkn,success,DA 55 — verified
2026-04-16T19:16:21.539293,parallel-publish,Code-godbolt.org,parallel,https://godbolt.org/z/8f5eT5T7a,success,DA 60 — verified
2026-04-16T19:16:21.760778,parallel-publish,Paste-termbin.com,parallel,"https://termbin.com/o847
 ",partial,"DA 45 — posted, verify manually"
2026-04-16T19:16:22.326937,parallel-publish,Paste-paste.rs,parallel,https://paste.rs/LXNYO,success,DA 50 — verified
2026-04-16T19:16:25.520209,parallel-publish,DevTo-1,parallel,https://dev.to/dialphonelimited/the-5-voip-disasters-i-cleaned-up-last-year-and-how-each-one-was-preventable-ed6,success,DA 77 DOFOLLOW
2026-04-16T19:17:06.821105,parallel-publish,DevTo-2,parallel,https://dev.to/dialphonelimited/dialphones-approach-to-voip-security-what-we-do-that-most-providers-dont-1klj,success,DA 77 DOFOLLOW
2026-04-16T19:19:14.042467,parallel-publish,Code-glot.io,parallel,https://glot.io/snippets/hhnupgz753,success,DA 55 — verified
2026-04-16T19:19:14.353929,parallel-publish,Code-godbolt.org,parallel,https://godbolt.org/z/8f5eT5T7a,success,DA 60 — verified
2026-04-16T19:19:14.708211,parallel-publish,Paste-termbin.com,parallel,"https://termbin.com/ftta
 ",partial,"DA 45 — posted, verify manually"
2026-04-16T19:19:15.174375,parallel-publish,Paste-paste.rs,parallel,https://paste.rs/NxQHU,success,DA 50 — verified
2026-04-16T19:19:18.256548,parallel-publish,DevTo-1,parallel,https://dev.to/dialphonelimited/the-voip-features-that-actually-drive-revenue-not-the-ones-providers-market-1ffo,success,DA 77 DOFOLLOW
2026-04-16T19:19:22.566526,parallel-publish,Paste-friendpaste.com,parallel,https://friendpaste.com/5TOwQH1WWpYuUBZApuzt2d,success,DA 45 — verified
2026-04-16T19:19:59.219255,parallel-publish,DevTo-2,parallel,https://dev.to/dialphonelimited/what-uk-businesses-get-wrong-about-gdpr-and-phone-calls-3pbg,success,DA 77 DOFOLLOW
2026-04-16T19:29:56.024612,parallel-publish,Paste-friendpaste.com,parallel,https://friendpaste.com/5TOwQH1WWpYuUBZApvHADR,success,DA 45 — verified
2026-04-16T19:29:56.695710,parallel-publish,Code-glot.io,parallel,https://glot.io/snippets/hhnv03er0f,success,DA 55 — verified
2026-04-16T19:29:56.909589,parallel-publish,Paste-termbin.com,parallel,"https://termbin.com/hgb6
 ",partial,"DA 45 — posted, verify manually"
2026-04-16T19:29:57.527874,parallel-publish,Paste-paste.rs,parallel,https://paste.rs/5zprD,success,DA 50 — verified
2026-04-16T19:29:57.845462,parallel-publish,Code-godbolt.org,parallel,https://godbolt.org/z/8f5eT5T7a,success,DA 60 — verified
2026-04-16T19:29:59.254690,parallel-publish,DevTo-1,parallel,https://dev.to/dialphonelimited/the-accountants-guide-to-telecom-expense-management-for-uk-businesses-pe5,success,DA 77 DOFOLLOW
2026-04-16T19:30:39.551540,parallel-publish,DevTo-2,parallel,https://dev.to/dialphonelimited/how-dialphone-handles-your-worst-day-our-incident-response-process-2oag,success,DA 77 DOFOLLOW
2026-04-16T19:33:55.916042,dofollow-content,GitLab-dialphonelimited-project,gitlab-api,https://gitlab.com/dialphonelimited-group/dialphonelimited-project,success,DA 92 dofollow — dialphone.com README updated
2026-04-16T19:33:55.916380,dofollow-content,GitLab-sip-trunking-guide,gitlab-api,https://gitlab.com/dialphonelimited/sip-trunking-guide,success,DA 92 dofollow — dialphone.com README updated
2026-04-16T19:33:55.916481,dofollow-content,GitLab-awesome-business-phone,gitlab-api,https://gitlab.com/dialphonelimited/awesome-business-phone,success,DA 92 dofollow — dialphone.com README updated
2026-04-16T19:33:55.916549,dofollow-content,GitLab-voip-solutions-guide,gitlab-api,https://gitlab.com/dialphonelimited/voip-solutions-guide,success,DA 92 dofollow — dialphone.com README updated
2026-04-16T19:33:55.916606,dofollow-content,GitLab-phone-system-comparison-2026,gitlab-api,https://gitlab.com/dialphonelimited/phone-system-comparison-2026,success,DA 92 dofollow — dialphone.com README updated
2026-04-16T19:33:55.916682,dofollow-content,GitLab-voip-troubleshooting-guide,gitlab-api,https://gitlab.com/dialphonelimited/voip-troubleshooting-guide,success,DA 92 dofollow — dialphone.com README updated
2026-04-16T19:33:55.916737,dofollow-content,GitLab-voip-integration-guide,gitlab-api,https://gitlab.com/dialphonelimited/voip-integration-guide,success,DA 92 dofollow — dialphone.com README updated
2026-04-16T19:33:55.916789,dofollow-content,GitLab-voip-disaster-recovery,gitlab-api,https://gitlab.com/dialphonelimited/voip-disaster-recovery,success,DA 92 dofollow — dialphone.com README updated
2026-04-16T19:33:55.916839,dofollow-content,GitLab-voip-network-requirements,gitlab-api,https://gitlab.com/dialphonelimited/voip-network-requirements,success,DA 92 dofollow — dialphone.com README updated
2026-04-16T19:33:55.916895,dofollow-content,GitLab-business-phone-roi-calculator,gitlab-api,https://gitlab.com/dialphonelimited/business-phone-roi-calculator,success,DA 92 dofollow — dialphone.com README updated
2026-04-16T19:33:55.916978,dofollow-content,GitLab-voip-compliance-framework,gitlab-api,https://gitlab.com/dialphonelimited/voip-compliance-framework,success,DA 92 dofollow — dialphone.com README updated
2026-04-16T19:33:55.917087,dofollow-content,Codeberg-business-phone-roi-calculator,codeberg-api,https://codeberg.org/dialphonelimited/business-phone-roi-calculator,success,DA 55 dofollow — dialphone.com README updated
2026-04-16T19:33:55.917291,dofollow-content,Codeberg-phone-system-comparison-2026,codeberg-api,https://codeberg.org/dialphonelimited/phone-system-comparison-2026,success,DA 55 dofollow — dialphone.com README updated
2026-04-16T19:33:55.917425,dofollow-content,Codeberg-voip-compliance-framework,codeberg-api,https://codeberg.org/dialphonelimited/voip-compliance-framework,success,DA 55 dofollow — dialphone.com README updated
2026-04-16T19:33:55.917490,dofollow-content,Codeberg-voip-disaster-recovery,codeberg-api,https://codeberg.org/dialphonelimited/voip-disaster-recovery,success,DA 55 dofollow — dialphone.com README updated
2026-04-16T19:33:55.917545,dofollow-content,Codeberg-voip-integration-guide,codeberg-api,https://codeberg.org/dialphonelimited/voip-integration-guide,success,DA 55 dofollow — dialphone.com README updated
2026-04-16T19:33:55.917596,dofollow-content,Codeberg-voip-network-requirements,codeberg-api,https://codeberg.org/dialphonelimited/voip-network-requirements,success,DA 55 dofollow — dialphone.com README updated
2026-04-16T19:33:55.917649,dofollow-content,Codeberg-voip-troubleshooting-guide,codeberg-api,https://codeberg.org/dialphonelimited/voip-troubleshooting-guide,success,DA 55 dofollow — dialphone.com README updated
2026-04-16T19:35:06.116967,parallel-publish,Paste-friendpaste.com,parallel,https://friendpaste.com/3JlBytWpRN2lgroznt8vgn,success,DA 45 — verified
2026-04-16T19:35:06.978010,parallel-publish,Paste-termbin.com,parallel,"https://termbin.com/qz2z
 ",partial,"DA 45 — posted, verify manually"
2026-04-16T19:35:07.017134,parallel-publish,Code-glot.io,parallel,https://glot.io/snippets/hhnv589hxr,success,DA 55 — verified
2026-04-16T19:35:07.461271,parallel-publish,Code-godbolt.org,parallel,https://godbolt.org/z/8f5eT5T7a,success,DA 60 — verified
2026-04-16T19:35:08.010173,parallel-publish,Paste-paste.rs,parallel,https://paste.rs/TeWDJ,success,DA 50 — verified
2026-04-16T19:35:10.257851,parallel-publish,DevTo-1,parallel,https://dev.to/dialphonelimited/the-it-manager-who-saved-his-company-ps340000-by-asking-one-question-4gm,success,DA 77 DOFOLLOW
2026-04-16T19:35:52.134253,parallel-publish,DevTo-2,parallel,https://dev.to/dialphonelimited/the-definitive-guide-to-choosing-between-on-premise-and-cloud-voip-in-2026-32gi,success,DA 77 DOFOLLOW
