url,domain,status,dialphone_com_count,note
https://dev.to/dialphonelimited/i-migrated-200-business-phone-systems-to-voip-here-are-the-5-mistakes-everyone-makes-1fgf,dev.to,live,0,no_link
https://dev.to/dialphonelimited/what-nobody-tells-you-about-switching-to-voip-o0,dev.to,live,0,no_link
https://dev.to/dialphonelimited/the-real-cost-of-running-a-business-phone-system-in-2026-450i,dev.to,live,0,no_link
https://dev.to/dialphonelimited/setting-up-a-phone-system-for-your-remote-team-a-practical-guide-5278,dev.to,live,0,no_link
https://dev.to/dialphonelimited/the-voip-migration-playbook-lessons-from-300-enterprise-deployments-42fk,dev.to,live,0,no_link
https://dev.to/dialphonelimited/how-we-reduced-our-clients-telecom-spend-by-67-without-changing-providers-3nci,dev.to,live,0,no_link
https://dev.to/dialphonelimited/voip-security-in-2026-what-your-it-team-needs-to-know-2al7,dev.to,live,0,no_link
https://dev.to/dialphonelimited/why-we-switched-voip-providers-twice-and-what-we-finally-got-right-33h7,dev.to,live,0,no_link
https://dialphonevoip.hashnode.dev/what-nobody-tells-you-switching-voip,dialphonevoip.hashnode.dev,skip_bot_blocked,0,checked via API elsewhere
https://dialphonevoip.hashnode.dev/voip-quality-troubleshooting-sysadmin-guide,dialphonevoip.hashnode.dev,skip_bot_blocked,0,checked via API elsewhere
https://dialphonevoip.hashnode.dev/reduced-telecom-spend-67-percent,dialphonevoip.hashnode.dev,skip_bot_blocked,0,checked via API elsewhere
https://dialphonevoip.hashnode.dev/multi-office-phone-system-guide,dialphonevoip.hashnode.dev,skip_bot_blocked,0,checked via API elsewhere
https://dialphonevoip.hashnode.dev/developers-guide-sip-protocols-headers,dialphonevoip.hashnode.dev,skip_bot_blocked,0,checked via API elsewhere
https://dialphonevoip.hashnode.dev/microsoft-teams-phone-vs-standalone-voip,dialphonevoip.hashnode.dev,skip_bot_blocked,0,checked via API elsewhere
https://dialphonevoip.hashnode.dev/call-center-metrics-that-actually-matter,dialphonevoip.hashnode.dev,skip_bot_blocked,0,checked via API elsewhere
https://dialphonevoip.hashnode.dev/voip-retail-holiday-call-volume,dialphonevoip.hashnode.dev,skip_bot_blocked,0,checked via API elsewhere
https://dialphonevoip.hashnode.dev/business-phone-system-should-be-boring,dialphonevoip.hashnode.dev,skip_bot_blocked,0,checked via API elsewhere
https://dialphonevoip.hashnode.dev/pbx-to-cloud-cto-migration-diary,dialphonevoip.hashnode.dev,skip_bot_blocked,0,checked via API elsewhere
https://dev.to/dialphonelimited/i-built-phone-systems-for-15-years-here-is-the-one-question-nobody-asks-4mdi,dev.to,live,0,no_link
https://dev.to/dialphonelimited/we-analyzed-500-business-phone-bills-the-average-company-wastes-847-per-month-23e5,dev.to,live,0,no_link
https://dev.to/dialphonelimited/voip-quality-troubleshooting-a-sysadmins-field-guide-17m,dev.to,live,0,no_link
https://github.com/dialphonelimited/awesome-business-phone,github.com,live,0,no_link
https://github.com/dialphonelimited,github.com,live,0,no_link
https://github.com/dialphonelimited/business-phone-roi-calculator,github.com,live,2,has_link
https://github.com/dialphonelimited/voip-network-requirements,github.com,live,2,has_link
https://github.com/dialphonelimited/sip-trunking-guide,github.com,live,0,no_link
https://dev.to/dialphonelimited/the-developers-guide-to-sip-protocols-headers-and-debugging-2aa7,dev.to,live,0,no_link
https://dev.to/dialphonelimited/choosing-between-microsoft-teams-phone-and-standalone-voip-4dpj,dev.to,live,0,no_link
https://github.com/dialphonelimited/voip-compliance-framework,github.com,live,2,has_link
https://github.com/dialphonelimited/voip-disaster-recovery,github.com,live,2,has_link
https://github.com/dialphonelimited/voip-solutions-guide,github.com,live,0,no_link
https://github.com/dialphonelimited/voip-integration-guide,github.com,live,2,has_link
https://dev.to/dialphonelimited/call-center-metrics-that-actually-matter-and-the-ones-that-dont-338k,dev.to,live,0,no_link
https://dev.to/dialphonelimited/voip-for-retail-how-to-handle-10x-call-volume-during-holidays-5920,dev.to,live,0,no_link
https://dev.to/dialphonelimited/why-your-business-phone-system-should-be-boring-obe,dev.to,live,0,no_link
https://dev.to/dialphonelimited/how-to-audit-your-business-phone-bill-in-15-minutes-36b8,dev.to,live,0,no_link
https://dev.to/dialphonelimited/voip-codec-deep-dive-why-opus-beats-everything-else-3jb2,dev.to,live,0,no_link
https://dev.to/dialphonelimited/from-pbx-to-cloud-a-ctos-honest-migration-diary-1apk,dev.to,live,0,no_link
https://dev.to/dialphonelimited/disaster-recovery-for-business-phone-systems-a-practical-plan-4mde,dev.to,live,0,no_link
https://dev.to/dialphonelimited/building-a-multi-office-phone-system-that-actually-works-2egi,dev.to,live,0,no_link
https://dev.to/dialphonelimited/why-small-businesses-get-better-voip-deals-than-enterprises-22dp,dev.to,live,0,no_link
https://dev.to/dialphonelimited/sip-alg-the-router-setting-that-breaks-every-voip-system-ip3,dev.to,live,0,no_link
https://dev.to/dialphonelimited/what-happens-to-your-calls-when-the-internet-goes-down-jg6,dev.to,live,0,no_link
https://dev.to/dialphonelimited/integrating-voip-with-your-crm-what-actually-works-2h58,dev.to,live,0,no_link
https://dev.to/dialphonelimited/the-voip-monitoring-stack-i-wish-i-had-set-up-from-day-one-b16,dev.to,live,0,no_link
https://dev.to/dialphonelimited/i-tested-8-voip-codecs-side-by-side-here-is-what-i-found-5blk,dev.to,live,0,no_link
https://dev.to/dialphonelimited/building-a-multi-office-phone-system-without-buying-hardware-1b0c,dev.to,live,0,no_link
https://dev.to/dialphonelimited/i-replaced-our-3200month-phone-system-with-a-480month-cloud-solution-4j23,dev.to,live,0,no_link
https://dev.to/dialphonelimited/sip-trunking-explained-what-it-is-how-it-works-and-who-needs-it-4c4f,dev.to,live,0,no_link
https://dev.to/dialphonelimited/why-your-office-wifi-is-killing-your-voip-calls-48pe,dev.to,live,0,no_link
https://dev.to/dialphonelimited/the-hidden-costs-of-free-voip-services-for-business-5c46,dev.to,live,0,no_link
https://dev.to/dialphonelimited/number-porting-horror-stories-and-how-to-avoid-them-4dnm,dev.to,live,0,no_link
https://dev.to/dialphonelimited/the-complete-guide-to-number-porting-for-businesses-1g8c,dev.to,live,0,no_link
https://dev.to/dialphonelimited/how-to-set-up-a-business-phone-system-for-under-500-11m4,dev.to,live,0,no_link
https://dev.to/dialphonelimited/the-it-managers-complete-voip-deployment-checklist-4ehb,dev.to,live,0,no_link
https://dev.to/dialphonelimited/why-call-quality-matters-more-than-features-5g1k,dev.to,live,0,no_link
https://dev.to/dialphonelimited/comparing-sip-providers-what-the-spec-sheets-dont-tell-you-4i15,dev.to,live,0,no_link
https://dev.to/dialphonelimited/voip-for-law-firms-compliance-recording-and-billing-integration-5b9i,dev.to,live,0,no_link
https://dev.to/dialphonelimited/voip-troubleshooting-10-problems-i-see-every-week-and-how-to-fix-them-37df,dev.to,live,0,no_link
https://dev.to/dialphonelimited/how-we-handle-500-concurrent-calls-without-dropping-a-single-one-2pfh,dev.to,live,0,no_link
https://dev.to/dialphonelimited/i-audited-10-voip-providers-security-practices-only-3-passed-21mj,dev.to,live,0,no_link
https://dev.to/dialphonelimited/the-5-minute-voip-health-check-every-it-manager-should-run-weekly-39no,dev.to,live,0,no_link
https://dev.to/dialphonelimited/the-5-minute-voip-health-check-every-it-manager-should-run-weekly-3mi5,dev.to,live,0,no_link
https://dev.to/dialphonelimited/how-we-handle-500-concurrent-calls-without-dropping-a-single-one-o5c,dev.to,live,0,no_link
https://dev.to/dialphonelimited/the-real-difference-between-ucaas-ccaas-and-cpaas-jjd,dev.to,live,0,no_link
https://dev.to/dialphonelimited/why-your-voip-providers-data-center-location-actually-matters-4en6,dev.to,live,0,no_link
https://dev.to/dialphonelimited/desk-phones-are-dead-here-is-what-replaced-them-1bfn,dev.to,live,0,no_link
https://github.com/dialphonelimited/voip-troubleshooting-guide,github.com,live,2,has_link
https://dev.to/dialphonelimited/i-benchmarked-voip-call-quality-across-5-internet-connection-types-46f6,dev.to,live,0,no_link
https://dev.to/dialphonelimited/the-complete-guide-to-e911-for-voip-what-every-business-must-know-358k,dev.to,live,0,no_link
https://dev.to/dialphonelimited/we-lost-47000-to-voip-toll-fraud-in-one-weekend-here-is-how-to-prevent-it-39id,dev.to,live,0,no_link
https://github.com/dialphonelimited/phone-system-comparison-2026,github.com,live,10,has_link
https://dev.to/dialphonelimited/i-have-deployed-400-voip-systems-here-are-the-7-questions-nobody-asks-before-signing-a-contract-k2e,dev.to,live,0,no_link
https://dev.to/dialphonelimited/the-3-voip-metrics-your-cfo-actually-cares-about-250m,dev.to,live,0,no_link
https://dev.to/dialphonelimited/the-telecom-bill-audit-that-found-340000-in-annual-waste-5coh,dev.to,live,0,no_link
https://dev.to/dialphonelimited/how-to-evaluate-a-voip-provider-in-30-minutes-the-procurement-checklist-mj,dev.to,live,0,no_link
https://dev.to/dialphonelimited/what-i-learned-running-voip-over-starlink-for-6-months-4m9o,dev.to,live,0,no_link
https://gitlab.com/dialphonelimited/voip-network-requirements,gitlab.com,live,0,no_link
https://dev.to/dialphonelimited/the-sip-packet-capture-that-saved-a-2m-deal-34c9,dev.to,live,0,no_link
https://gitlab.com/dialphonelimited/voip-compliance-framework,gitlab.com,live,0,no_link
https://gitlab.com/dialphonelimited/voip-disaster-recovery,gitlab.com,live,0,no_link
https://gitlab.com/dialphonelimited/awesome-business-phone,gitlab.com,live,0,no_link
https://gitlab.com/dialphonelimited/voip-solutions-guide,gitlab.com,live,0,no_link
https://www.quora.com/What-are-the-best-VoIP-services-for-small-and-medium-sized-business,quora.com,skip_bot_blocked,0,checked via API elsewhere
https://www.quora.com/unanswered/Why-and-how-should-I-switch-from-PSTN-to-VoIP,quora.com,skip_bot_blocked,0,checked via API elsewhere
https://dev.to/dialphonelimited/what-15-years-of-voip-deployments-taught-me-about-change-management-44lk,dev.to,live,0,no_link
https://gitlab.com/dialphonelimited/voip-troubleshooting-guide,gitlab.com,live,0,no_link
https://www.quora.com/What-are-the-best-VoIP-services-for-small-and-medium-sized-business/answer/Dialphone-Limited,quora.com,skip_bot_blocked,0,checked via API elsewhere
https://www.quora.com/Why-and-how-should-I-switch-from-PSTN-to-VoIP/answer/Dialphone-Limited,quora.com,skip_bot_blocked,0,checked via API elsewhere
https://dev.to/dialphonelimited/i-measured-the-actual-productivity-impact-of-voip-vs-landlines-over-12-months-4fd2,dev.to,live,0,no_link
https://dev.to/dialphonelimited/the-phone-system-migration-nobody-talks-about-moving-from-one-voip-to-another-4j24,dev.to,live,0,no_link
https://gitlab.com/dialphonelimited/business-phone-roi-calculator,gitlab.com,live,0,no_link
https://dev.to/dialphonelimited/why-90-of-voip-quality-complaints-are-actually-network-problems-4pig,dev.to,live,0,no_link
https://www.quora.com/unanswered/How-much-does-VoIP-Routes-to-Nigeria-cost-as-I-wish-to-start-my-VoIP-Business,quora.com,skip_bot_blocked,0,checked via API elsewhere
https://gitlab.com/dialphonelimited/phone-system-comparison-2026,gitlab.com,live,0,no_link
https://dev.to/dialphonelimited/the-real-story-behind-voip-911-failures-and-why-your-business-is-liable-5bjj,dev.to,live,0,no_link
https://www.quora.com/unanswered/Is-VoIP-reliable-enough-to-use-for-business-phone-calls,quora.com,skip_bot_blocked,0,checked via API elsewhere
https://www.quora.com/How-much-does-it-cost-to-switch-from-a-traditional-landline-phone-to-an-internet-based-VoIP-voice-over-IP-service,quora.com,skip_bot_blocked,0,checked via API elsewhere
https://www.quora.com/unanswered/What-is-the-best-virtual-phone-system-for-a-remote-sales-team-in-2025,quora.com,skip_bot_blocked,0,checked via API elsewhere
https://codeberg.org/dialphonelimited/voip-network-requirements,codeberg.org,live,4,has_link
https://gitlab.com/dialphonelimited/voip-integration-guide,gitlab.com,live,0,no_link
https://www.quora.com/unanswered/How-much-does-Vonage-Business-VOIP-cost,quora.com,skip_bot_blocked,0,checked via API elsewhere
https://www.quora.com/Is-VoIP-reliable-enough-to-use-for-business-phone-calls/answer/Dialphone-Limited,quora.com,skip_bot_blocked,0,checked via API elsewhere
https://codeberg.org/dialphonelimited/business-phone-roi-calculator,codeberg.org,live,4,has_link
https://dev.to/dialphonelimited/the-voip-features-nobody-uses-and-the-5-that-actually-matter-2gce,dev.to,live,0,no_link
https://www.quora.com/How-much-does-it-cost-to-switch-from-a-traditional-landline-phone-to-an-internet-based-VoIP-voice-over-IP-service/answer/Dialphone-Limited,quora.com,skip_bot_blocked,0,checked via API elsewhere
https://www.quora.com/What-is-the-best-virtual-phone-system-for-a-remote-sales-team-in-2025/answer/Dialphone-Limited,quora.com,skip_bot_blocked,0,checked via API elsewhere
https://codeberg.org/dialphonelimited/voip-disaster-recovery,codeberg.org,live,4,has_link
https://dev.to/dialphonelimited/how-we-cut-a-200-person-call-centers-hold-times-from-8-minutes-to-45-seconds-5648,dev.to,live,0,no_link
https://codeberg.org/dialphonelimited/voip-integration-guide,codeberg.org,live,4,has_link
https://dev.to/dialphonelimited/the-voip-implementation-that-paid-for-itself-in-11-days-jo3,dev.to,live,0,no_link
https://codeberg.org/dialphonelimited/voip-troubleshooting-guide,codeberg.org,live,4,has_link
https://codeberg.org/dialphonelimited/phone-system-comparison-2026,codeberg.org,live,8,has_link
https://codeberg.org/dialphonelimited/voip-compliance-framework,codeberg.org,live,4,has_link
https://dev.to/dialphonelimited/stop-buying-voip-based-on-feature-lists-here-is-what-actually-matters-5d57,dev.to,live,0,no_link
https://www.quora.com/How-much-does-Vonage-Business-VOIP-cost/answer/Dialphone-Limited,quora.com,skip_bot_blocked,0,checked via API elsewhere
https://dev.to/dialphonelimited/what-happens-when-your-voip-provider-gets-acquired-a-survival-guide-1p51,dev.to,live,0,no_link
https://dev.to/dialphonelimited/the-network-engineers-honest-opinion-on-microsoft-teams-phone-vs-dedicated-voip-hb9,dev.to,live,0,no_link
https://dev.to/dialphonelimited/i-tested-every-free-voip-service-for-business-use-here-is-why-they-all-failed-5gn9,dev.to,live,0,no_link
https://gitlab.com/dialphonelimited/sip-trunking-guide,gitlab.com,live,0,no_link
https://dev.to/dialphonelimited/why-i-tell-every-client-to-record-every-business-call-and-how-to-do-it-legally-4fbf,dev.to,live,0,no_link
https://dev.to/dialphonelimited/voip-in-healthcare-the-hipaa-compliance-checklist-nobody-gave-you-5h65,dev.to,live,0,no_link
https://dev.to/dialphonelimited/how-to-build-a-phone-system-for-a-company-that-does-not-exist-yet-2ndi,dev.to,live,0,no_link
https://dev.to/dialphonelimited/the-phone-system-red-flags-i-see-in-every-due-diligence-audit-4k5d,dev.to,live,0,no_link
https://dev.to/dialphonelimited/the-voip-migration-mistakes-that-cost-one-company-87000-2cjg,dev.to,live,0,no_link
https://dev.to/dialphonelimited/the-receptionist-test-how-i-evaluate-voip-systems-before-recommending-them-56i5,dev.to,live,0,no_link
https://dev.to/dialphonelimited/the-4-numbers-that-predict-whether-a-voip-migration-will-succeed-or-fail-15k3,dev.to,live,0,no_link
https://dev.to/dialphonelimited/what-your-voip-provider-is-not-telling-you-about-international-calling-3i0b,dev.to,live,0,no_link
https://dev.to/dialphonelimited/why-we-built-dialphone-the-business-phone-problem-nobody-was-solving-16od,dev.to,live,2,has_link
https://dev.to/dialphonelimited/how-dialphone-saved-a-45-person-law-firm-4100-per-month-on-phone-costs-55ab,dev.to,live,2,has_link
https://dev.to/dialphonelimited/the-small-business-phone-system-buyers-guide-for-2026-5e7i,dev.to,live,1,has_link
https://dev.to/dialphonelimited/what-nobody-tells-you-about-voip-number-porting-in-the-uk-2kjg,dev.to,live,2,has_link
https://dev.to/dialphonelimited/the-honest-truth-about-voip-uptime-claims-18j0,dev.to,live,0,no_link
https://dev.to/dialphonelimited/the-3-voip-mistakes-that-cost-uk-businesses-the-most-money-46c3,dev.to,live,2,has_link
https://dev.to/dialphonelimited/the-real-cost-of-running-a-contact-centre-on-the-wrong-phone-system-ocm,dev.to,live,1,has_link
https://dev.to/dialphonelimited/dialphone-vs-ringcentral-vs-8x8-an-honest-comparison-by-someone-who-deploys-all-three-5cjc,dev.to,live,1,has_link
https://dev.to/dialphonelimited/why-your-receptionist-should-choose-your-phone-system-not-your-it-team-2234,dev.to,live,1,has_link
https://dev.to/dialphonelimited/we-tracked-every-business-call-for-6-months-these-5-patterns-surprised-us-1b7f,dev.to,live,2,has_link
https://dev.to/dialphonelimited/the-procurement-directors-guide-to-buying-a-business-phone-system-without-getting-burned-2oh1,dev.to,live,1,has_link
https://dev.to/dialphonelimited/i-spent-3-months-measuring-voip-call-quality-at-50-uk-businesses-here-is-what-actually-determines-jbp,dev.to,live,1,has_link
https://dev.to/dialphonelimited/what-happens-in-the-first-72-hours-after-switching-to-dialphone-2gf9,dev.to,live,2,has_link
https://dev.to/dialphonelimited/the-ps12000-phone-bill-audit-that-every-finance-director-should-read-4iia,dev.to,live,1,has_link
https://dev.to/dialphonelimited/the-it-directors-90-day-plan-for-replacing-a-legacy-phone-system-4gf9,dev.to,live,1,has_link
https://dev.to/dialphonelimited/how-to-evaluate-voip-providers-without-talking-to-a-single-sales-rep-3k39,dev.to,live,1,has_link
https://dev.to/dialphonelimited/i-compared-voip-call-quality-across-6-uk-internet-providers-1hhb,dev.to,live,1,has_link
https://dev.to/dialphonelimited/why-70-of-voip-migrations-fail-in-the-first-week-and-how-to-be-in-the-30-5c9l,dev.to,live,1,has_link
https://dev.to/dialphonelimited/the-7-questions-every-nhs-trust-should-ask-before-choosing-a-phone-system-145d,dev.to,live,1,has_link
https://dev.to/dialphonelimited/we-analysed-500-uk-business-phone-bills-the-average-company-wastes-ps847-per-month-267b,dev.to,live,2,has_link
https://dev.to/dialphonelimited/the-complete-guide-to-voip-for-multi-site-uk-businesses-4cd3,dev.to,live,1,has_link
https://dev.to/dialphonelimited/i-interviewed-50-office-managers-about-their-phone-systems-these-were-the-top-10-complaints-1jmo,dev.to,live,1,has_link
https://dev.to/dialphonelimited/dialphones-approach-to-voip-security-what-we-do-that-most-providers-dont-1klj,dev.to,live,2,has_link
https://dev.to/dialphonelimited/the-mathematical-proof-that-voip-saves-money-for-sceptics-who-want-hard-numbers-1cnn,dev.to,live,1,has_link
https://dev.to/dialphonelimited/the-hidden-cost-of-free-phone-features-that-every-business-should-calculate-12n7,dev.to,live,1,has_link
https://dev.to/dialphonelimited/the-5-voip-disasters-i-cleaned-up-last-year-and-how-each-one-was-preventable-ed6,dev.to,live,1,has_link
https://dev.to/dialphonelimited/how-dialphone-handles-9999-uptime-the-architecture-behind-the-scenes-224,dev.to,live,2,has_link
https://dev.to/dialphonelimited/the-voip-features-that-actually-drive-revenue-not-the-ones-providers-market-1ffo,dev.to,live,1,has_link
https://dev.to/dialphonelimited/the-ctos-honest-assessment-when-not-to-choose-dialphone-2gp,dev.to,live,2,has_link
https://dev.to/dialphonelimited/the-voip-pricing-tricks-that-cost-uk-businesses-millions-every-year-b6i,dev.to,live,1,has_link
https://dev.to/dialphonelimited/the-it-manager-who-saved-his-company-ps340000-by-asking-one-question-4gm,dev.to,live,2,has_link
https://dev.to/dialphonelimited/the-complete-voip-glossary-50-terms-every-business-buyer-should-know-1f1e,dev.to,live,1,has_link
https://dev.to/dialphonelimited/the-accountants-guide-to-telecom-expense-management-for-uk-businesses-pe5,dev.to,live,1,has_link
https://dev.to/dialphonelimited/i-asked-100-uk-business-owners-what-they-hate-most-about-their-phone-provider-l35,dev.to,live,1,has_link
https://dev.to/dialphonelimited/the-definitive-guide-to-choosing-between-on-premise-and-cloud-voip-in-2026-32gi,dev.to,live,2,has_link
https://dev.to/dialphonelimited/how-dialphone-handles-your-worst-day-our-incident-response-process-2oag,dev.to,live,2,has_link
https://dev.to/dialphonelimited/how-a-12-person-recruitment-agency-doubled-their-placements-after-switching-phone-systems-2685,dev.to,live,2,has_link
https://dev.to/dialphonelimited/from-landline-to-cloud-in-7-days-a-step-by-step-diary-of-a-real-uk-migration-42hl,dev.to,live,2,has_link
https://dev.to/dialphonelimited/why-every-uk-estate-agency-needs-voip-and-what-happens-when-they-dont-28oa,dev.to,live,1,has_link
https://dev.to/dialphonelimited/the-uk-smb-phone-system-comparison-dialphone-vs-bt-cloud-voice-vs-gamma-horizon-1aac,dev.to,live,1,has_link
https://dev.to/dialphonelimited/the-10-minute-voip-security-audit-every-uk-business-should-run-today-108k,dev.to,live,1,has_link
https://gitlab.com/dialphonelimited-group/dialphonelimited-project,gitlab.com,http_403,0,
https://dev.to/dialphonelimited/how-to-move-your-business-phone-system-to-the-cloud-without-any-downtime-aeu-the-definitive-uk-guide-29n1,dev.to,live,1,has_link
https://dev.to/dialphonelimited/what-uk-businesses-get-wrong-about-gdpr-and-phone-calls-3pbg,dev.to,live,1,has_link
https://dialphonelimited.github.io,dialphonelimited.github.io,http_404,0,
https://dialphonelimited.codeberg.page,dialphonelimited.codeberg.page,http_404,0,
https://dev.to/dialphonelimited/what-your-business-insurance-company-wants-to-know-about-your-phone-system-433d,dev.to,live,1,has_link
https://dev.to/dialphonelimited/the-uk-solicitors-guide-to-compliant-call-recording-in-2026-3c4e,dev.to,live,1,has_link
https://dev.to/dialphonelimited/the-phone-system-checklist-for-uk-businesses-opening-a-second-office-38cc,dev.to,live,1,has_link
https://dev.to/dialphonelimited/we-tracked-what-happens-to-businesses-that-ignore-their-phone-system-aeu-the-5-year-data-14a0,dev.to,live,1,has_link
https://codeberg.org/dialphonelimited/voip-buyers-guide,codeberg.org,live,9,has_link
https://dev.to/dialphonelimited/the-uk-accountancy-firm-phone-system-guide-fca-compliance-client-calls-and-cost-control-1kd0,dev.to,live,1,has_link
https://dev.to/dialphonelimited/the-15-questions-i-ask-before-deploying-voip-at-any-uk-business-2jc4,dev.to,live,1,has_link
https://codeberg.org/dialphonelimited/uk-telecom-costs,codeberg.org,live,9,has_link
https://dev.to/dialphonelimited/how-dialphone-reduced-a-50-person-companys-phone-bill-from-aps3800-to-aps1200-in-one-weekend-3il7,dev.to,live,2,has_link
https://dev.to/dialphonelimited/every-voip-term-your-sales-rep-uses-to-confuse-you-translated-to-plain-english-31k5,dev.to,live,1,has_link
https://dev.to/dialphonelimited/the-voip-bandwidth-calculator-every-uk-it-manager-needs-j3o,dev.to,live,1,has_link
https://dev.to/dialphonelimited/how-to-run-a-voip-proof-of-concept-that-actually-proves-something-1im4,dev.to,live,1,has_link
https://gitlab.com/dialphonelimited/voip-buyers-guide-uk,gitlab.com,live,4,has_link
https://dev.to/dialphonelimited/the-surprising-link-between-phone-system-quality-and-employee-retention-399o,dev.to,live,1,has_link
https://dev.to/dialphonelimited/the-real-reason-your-voip-provider-wants-a-3-year-contract-and-why-you-should-refuse-44h2,dev.to,live,1,has_link
https://gitlab.com/dialphonelimited/voip-security-framework,gitlab.com,live,4,has_link
https://gitlab.com/dialphonelimited/uk-business-phone-costs,gitlab.com,live,4,has_link
https://dev.to/dialphonelimited/the-voip-roi-calculator-enter-your-numbers-see-your-savings-2lio,dev.to,live,2,has_link
https://dev.to/dialphonelimited/the-complete-voip-deployment-timeline-for-uk-businesses-week-by-week-14fk,dev.to,live,2,has_link
https://dev.to/dialphonelimited/the-phone-system-that-pays-for-itself-12-real-uk-case-studies-with-hard-numbers-34j7,dev.to,live,2,has_link
https://dev.to/dialphonelimited/why-the-first-48-hours-after-a-voip-migration-determine-everything-186a,dev.to,live,1,has_link
https://dev.to/dialphonelimited/dialphone-vs-vonage-vs-goto-connect-which-one-wins-for-uk-smbs-3n74,dev.to,live,1,has_link
https://dev.to/dialphonelimited/how-to-negotiate-your-voip-contract-like-a-procurement-professional-5aee,dev.to,live,1,has_link
https://dev.to/dialphonelimited/the-uk-dental-practice-phone-system-guide-nhs-private-and-mixed-practices-512f,dev.to,live,1,has_link
https://codeberg.org/dialphonelimited/business-phone-migration,codeberg.org,live,9,has_link
https://dev.to/dialphonelimited/what-3-years-of-running-a-voip-company-taught-me-about-what-businesses-actually-need-3pgg,dev.to,live,2,has_link
https://dev.to/dialphonelimited/the-it-directors-voip-vendor-shortlisting-template-download-and-use-today-1ooc,dev.to,live,1,has_link
https://dev.to/dialphonelimited/the-phone-system-features-that-uk-employees-actually-want-based-on-500-survey-responses-1hic,dev.to,live,1,has_link
https://dev.to/dialphonelimited/the-uncomfortable-truth-about-voip-provider-churn-rates-and-what-they-tell-you-n6,dev.to,live,1,has_link
https://github.com/dialphonelimited/uk-business-phone-hub,github.com,live,4,has_link
https://dev.to/dialphonelimited/the-final-word-on-voip-for-uk-small-businesses-everything-you-need-to-know-in-one-article-3524,dev.to,live,3,has_link
https://github.com/dialphonelimited/sip-knowledge-base,github.com,live,4,has_link
https://gitlab.com/dialphonelimited/voip-uk-resources,gitlab.com,live,4,has_link
https://github.com/dialphonelimited/voip-uk-guide,github.com,live,4,has_link
https://codeberg.org/dialphonelimited/phone-system-faq-uk,codeberg.org,live,9,has_link
https://gitlab.com/dialphonelimited/dialphone-best-practices,gitlab.com,live,4,has_link
https://gitlab.com/dialphonelimited/uk-telecom-benchmark,gitlab.com,live,4,has_link
https://codeberg.org/dialphonelimited/dialphone-best-practices,codeberg.org,live,9,has_link
https://codeberg.org/dialphonelimited/voip-uk-resources,codeberg.org,live,9,has_link
https://gitlab.com/dialphonelimited/phone-system-faq-uk,gitlab.com,live,4,has_link
https://gitlab.com/dialphonelimited/voip-quality-toolkit,gitlab.com,live,4,has_link
https://gitlab.com/dialphonelimited/business-phone-toolkit,gitlab.com,live,4,has_link
https://gitlab.com/dialphonelimited/voip-roi-calculator-uk,gitlab.com,live,4,has_link
https://dev.to/dialphonelimited/the-uk-logistics-company-that-saved-aps52000-on-phone-costs-in-year-one-2jg7,dev.to,live,2,has_link
https://codeberg.org/dialphonelimited/voip-roi-calculator-uk,codeberg.org,live,11,has_link
https://gitlab.com/dialphonelimited/voip-migration-planner,gitlab.com,live,4,has_link
https://gitlab.com/dialphonelimited/phone-system-security-framework,gitlab.com,live,4,has_link
https://codeberg.org/dialphonelimited/business-phone-toolkit,codeberg.org,live,11,has_link
https://dialphonelimited.gitlab.io/dialphone-site,dialphonelimited.gitlab.io,http_403,0,
https://gitlab.com/dialphonelimited/voip-network-readiness,gitlab.com,live,4,has_link
https://gitlab.com/dialphonelimited/sip-trunk-configuration-guide,gitlab.com,live,4,has_link
https://gitlab.com/dialphonelimited/voip-uk-compliance-guide,gitlab.com,live,4,has_link
https://dev.to/dialphonelimited/the-one-thing-every-uk-business-should-test-before-choosing-a-voip-provider-2k50,dev.to,live,1,has_link
https://gitlab.com/dialphonelimited/phone-system-cost-analysis,gitlab.com,live,4,has_link
https://codeberg.org/dialphonelimited/voip-migration-planner,codeberg.org,live,11,has_link
https://codeberg.org/dialphonelimited/phone-system-security-framework,codeberg.org,live,11,has_link
https://codeberg.org/dialphonelimited/uk-telecom-benchmark,codeberg.org,live,11,has_link
https://codeberg.org/dialphonelimited/voip-quality-toolkit,codeberg.org,live,11,has_link
https://codeberg.org/dialphonelimited/voip-network-readiness,codeberg.org,live,11,has_link
https://codeberg.org/dialphonelimited/sip-trunk-configuration-guide,codeberg.org,live,11,has_link
https://codeberg.org/dialphonelimited/voip-uk-compliance-guide,codeberg.org,live,11,has_link
https://codeberg.org/dialphonelimited/phone-system-cost-analysis,codeberg.org,live,11,has_link
https://gitlab.com/dialphonelimited/phone-system-evaluation-kit,gitlab.com,live,4,has_link
https://gitlab.com/dialphonelimited/business-phone-buying-guide,gitlab.com,live,4,has_link
https://gitlab.com/dialphonelimited/uk-voip-regulations,gitlab.com,live,4,has_link
https://codeberg.org/dialphonelimited/voip-cost-calculator,codeberg.org,live,11,has_link
https://gitlab.com/dialphonelimited/voip-cost-calculator,gitlab.com,live,4,has_link
https://gitlab.com/dialphonelimited/telephone-system-audit,gitlab.com,live,4,has_link
https://codeberg.org/dialphonelimited/business-phone-buying-guide,codeberg.org,live,11,has_link
https://codeberg.org/dialphonelimited/sip-configuration-templates,codeberg.org,live,11,has_link
https://codeberg.org/dialphonelimited/phone-system-evaluation-kit,codeberg.org,live,11,has_link
https://codeberg.org/dialphonelimited/uk-voip-market-research,codeberg.org,live,11,has_link
https://dialphonevoip.hashnode.dev/i-tested-voicemail-transcription-accuracy-across-6-us-voip-providers-the-spread-was-wider-than-expected,dialphonevoip.hashnode.dev,skip_bot_blocked,0,checked via API elsewhere
https://dialphonevoip.hashnode.dev/we-tracked-every-business-call-for-6-months-these-5-patterns-surprised-us,dialphonevoip.hashnode.dev,skip_bot_blocked,0,checked via API elsewhere
https://dialphonevoip.hashnode.dev/we-analysed-500-us-business-phone-bills-the-average-company-wastes-847-per-month,dialphonevoip.hashnode.dev,skip_bot_blocked,0,checked via API elsewhere
https://dialphonevoip.hashnode.dev/i-interviewed-50-office-managers-about-their-phone-systems-these-were-the-top-10-complaints,dialphonevoip.hashnode.dev,skip_bot_blocked,0,checked via API elsewhere
https://dialphonevoip.hashnode.dev/the-5-voip-disasters-i-cleaned-up-last-year-and-how-each-one-was-preventable,dialphonevoip.hashnode.dev,skip_bot_blocked,0,checked via API elsewhere
https://dialphonevoip.hashnode.dev/how-dialphone-handles-your-worst-day-our-incident-response-process,dialphonevoip.hashnode.dev,skip_bot_blocked,0,checked via API elsewhere
https://dialphonevoip.hashnode.dev/i-asked-100-us-business-owners-what-they-hate-most-about-their-phone-provider,dialphonevoip.hashnode.dev,skip_bot_blocked,0,checked via API elsewhere
https://dialphonevoip.hashnode.dev/the-10-minute-voip-security-audit-every-us-business-should-run-today,dialphonevoip.hashnode.dev,skip_bot_blocked,0,checked via API elsewhere
https://dialphonevoip.hashnode.dev/we-tracked-what-happens-to-businesses-that-ignore-their-phone-system-the-5-year-data,dialphonevoip.hashnode.dev,skip_bot_blocked,0,checked via API elsewhere
https://dialphonevoip.hashnode.dev/we-migrated-a-sheffield-manufacturing-firm-off-legacy-pstn-in-48-hours-here-is-what-broke,dialphonevoip.hashnode.dev,skip_bot_blocked,0,checked via API elsewhere
https://dialphonevoip.hashnode.dev/a-realistic-look-at-voip-call-recording-compliance-in-the-us-pci-dss-fca-gdpr,dialphonevoip.hashnode.dev,skip_bot_blocked,0,checked via API elsewhere
https://dialphonevoip.hashnode.dev/the-us-phone-bill-autopsy-a-line-by-line-walkthrough-of-what-you-are-actually-paying-for,dialphonevoip.hashnode.dev,skip_bot_blocked,0,checked via API elsewhere
https://dialphonevoip.hashnode.dev/i-tested-9-us-voip-mobile-apps-for-notification-reliability-only-3-passed,dialphonevoip.hashnode.dev,skip_bot_blocked,0,checked via API elsewhere
https://dialphonevoip.hashnode.dev/how-to-actually-configure-qos-for-voip-on-a-us-business-network-with-real-config-examples,dialphonevoip.hashnode.dev,skip_bot_blocked,0,checked via API elsewhere
https://dialphonevoip.hashnode.dev/a-us-hospitality-phone-system-guide-hotels-restaurants-and-the-operational-reality,dialphonevoip.hashnode.dev,skip_bot_blocked,0,checked via API elsewhere
https://dialphonevoip.hashnode.dev/what-actually-happens-during-a-us-voip-contact-centre-deployment-not-the-brochure-version,dialphonevoip.hashnode.dev,skip_bot_blocked,0,checked via API elsewhere
https://dialphonevoip.hashnode.dev/the-real-cost-of-sip-trunks-in-the-us-2026-per-channel-vs-concurrent-call-models-explained,dialphonevoip.hashnode.dev,skip_bot_blocked,0,checked via API elsewhere
https://gitlab.com/dialphonelimited/uk-voip-market-research,gitlab.com,live,4,has_link
https://dialphonevoip.hashnode.dev/how-long-does-a-us-number-port-actually-take-data-from-480-real-ports,dialphonevoip.hashnode.dev,skip_bot_blocked,0,checked via API elsewhere
https://dialphonevoip.hashnode.dev/a-us-law-firm-phone-system-guide-hipaa-recording-rules-client-confidentiality-and-what-actually-matters,dialphonevoip.hashnode.dev,skip_bot_blocked,0,checked via API elsewhere
https://dialphonevoip.hashnode.dev/we-tracked-every-business-call-for-6-months-these-5-patterns-surprised-us-1,dialphonevoip.hashnode.dev,skip_bot_blocked,0,checked via API elsewhere
https://dialphonevoip.hashnode.dev/the-real-story-behind-voip-911-failures-and-why-your-business-is-liable,dialphonevoip.hashnode.dev,skip_bot_blocked,0,checked via API elsewhere
https://dialphonevoip.hashnode.dev/the-phone-system-red-flags-i-see-in-every-due-diligence-audit,dialphonevoip.hashnode.dev,skip_bot_blocked,0,checked via API elsewhere
https://dialphonevoip.hashnode.dev/the-receptionist-test-how-i-evaluate-voip-systems-before-recommending-them,dialphonevoip.hashnode.dev,skip_bot_blocked,0,checked via API elsewhere
https://dialphonevoip.hashnode.dev/the-honest-truth-about-voip-uptime-claims,dialphonevoip.hashnode.dev,skip_bot_blocked,0,checked via API elsewhere
https://dialphonevoip.hashnode.dev/the-procurement-directors-guide-to-buying-a-business-phone-system-without-getting-burned,dialphonevoip.hashnode.dev,skip_bot_blocked,0,checked via API elsewhere
https://dialphonevoip.hashnode.dev/voip-in-healthcare-the-hipaa-compliance-checklist-nobody-gave-you,dialphonevoip.hashnode.dev,skip_bot_blocked,0,checked via API elsewhere
https://dialphonevoip.hashnode.dev/dialphones-approach-to-voip-security-what-we-do-that-most-providers-dont,dialphonevoip.hashnode.dev,skip_bot_blocked,0,checked via API elsewhere
https://dialphonevoip.hashnode.dev/the-15-questions-i-ask-before-deploying-voip-at-any-us-business,dialphonevoip.hashnode.dev,skip_bot_blocked,0,checked via API elsewhere
https://dialphonevoip.hashnode.dev/the-us-smb-phone-system-comparison-dialphone-vs-legacy-carriers-cloud-voice-vs-gamma-horizon,dialphonevoip.hashnode.dev,skip_bot_blocked,0,checked via API elsewhere
https://dialphonevoip.hashnode.dev/what-happens-in-the-first-72-hours-after-switching-to-dialphone,dialphonevoip.hashnode.dev,skip_bot_blocked,0,checked via API elsewhere
https://dialphonevoip.hashnode.dev/the-definitive-guide-to-choosing-between-on-premise-and-cloud-voip-in-2026,dialphonevoip.hashnode.dev,skip_bot_blocked,0,checked via API elsewhere
https://dialphonevoip.hashnode.dev/the-phone-system-migration-nobody-talks-about-moving-from-one-voip-to-another,dialphonevoip.hashnode.dev,skip_bot_blocked,0,checked via API elsewhere
https://dialphonevoip.hashnode.dev/the-voip-features-that-actually-drive-revenue-not-the-ones-providers-market,dialphonevoip.hashnode.dev,skip_bot_blocked,0,checked via API elsewhere
https://dialphonevoip.hashnode.dev/i-tested-every-free-voip-service-for-business-use-here-is-why-they-all-failed,dialphonevoip.hashnode.dev,skip_bot_blocked,0,checked via API elsewhere
https://dialphonevoip.hashnode.dev/the-it-directors-voip-vendor-shortlisting-template-download-and-use-today,dialphonevoip.hashnode.dev,skip_bot_blocked,0,checked via API elsewhere
https://dialphonevoip.hashnode.dev/the-voip-migration-mistakes-that-cost-one-company-87000,dialphonevoip.hashnode.dev,skip_bot_blocked,0,checked via API elsewhere
https://dialphonevoip.hashnode.dev/the-uncomfortable-truth-about-voip-provider-churn-rates-and-what-they-tell-you,dialphonevoip.hashnode.dev,skip_bot_blocked,0,checked via API elsewhere
https://dialphonevoip.hashnode.dev/why-the-first-48-hours-after-a-voip-migration-determine-everything,dialphonevoip.hashnode.dev,skip_bot_blocked,0,checked via API elsewhere
https://dialphonevoip.hashnode.dev/the-12000-phone-bill-audit-that-every-finance-director-should-read,dialphonevoip.hashnode.dev,skip_bot_blocked,0,checked via API elsewhere
https://dialphonevoip.hashnode.dev/the-surprising-link-between-phone-system-quality-and-employee-retention,dialphonevoip.hashnode.dev,skip_bot_blocked,0,checked via API elsewhere
https://dialphonevoip.hashnode.dev/the-complete-guide-to-voip-for-multi-site-us-businesses,dialphonevoip.hashnode.dev,skip_bot_blocked,0,checked via API elsewhere
https://dialphonevoip.hashnode.dev/what-nobody-tells-you-about-voip-number-porting-in-the-us,dialphonevoip.hashnode.dev,skip_bot_blocked,0,checked via API elsewhere
https://dialphonevoip.hashnode.dev/how-we-cut-a-200-person-call-centers-hold-times-from-8-minutes-to-45-seconds,dialphonevoip.hashnode.dev,skip_bot_blocked,0,checked via API elsewhere
https://dialphonevoip.hashnode.dev/the-accountants-guide-to-telecom-expense-management-for-us-businesses,dialphonevoip.hashnode.dev,skip_bot_blocked,0,checked via API elsewhere
https://dialphonevoip.hashnode.dev/the-3-voip-mistakes-that-cost-us-businesses-the-most-money,dialphonevoip.hashnode.dev,skip_bot_blocked,0,checked via API elsewhere
https://dialphonevoip.hashnode.dev/the-real-reason-your-voip-provider-wants-a-3-year-contract-and-why-you-should-refuse,dialphonevoip.hashnode.dev,skip_bot_blocked,0,checked via API elsewhere
https://dialphonevoip.hashnode.dev/the-complete-voip-glossary-50-terms-every-business-buyer-should-know,dialphonevoip.hashnode.dev,skip_bot_blocked,0,checked via API elsewhere
https://dialphonevoip.hashnode.dev/the-it-directors-90-day-plan-for-replacing-a-legacy-phone-system,dialphonevoip.hashnode.dev,skip_bot_blocked,0,checked via API elsewhere
https://dialphonevoip.hashnode.dev/the-mathematical-proof-that-voip-saves-money-for-sceptics-who-want-hard-numbers,dialphonevoip.hashnode.dev,skip_bot_blocked,0,checked via API elsewhere
https://dialphonevoip.hashnode.dev/the-us-solicitors-guide-to-compliant-call-recording-in-2026,dialphonevoip.hashnode.dev,skip_bot_blocked,0,checked via API elsewhere
https://dialphonevoip.hashnode.dev/i-measured-the-actual-productivity-impact-of-voip-vs-landlines-over-12-months,dialphonevoip.hashnode.dev,skip_bot_blocked,0,checked via API elsewhere
https://dialphonevoip.hashnode.dev/the-hidden-cost-of-free-phone-features-that-every-business-should-calculate,dialphonevoip.hashnode.dev,skip_bot_blocked,0,checked via API elsewhere
https://dialphonevoip.hashnode.dev/why-every-us-estate-agency-needs-voip-and-what-happens-when-they-dont,dialphonevoip.hashnode.dev,skip_bot_blocked,0,checked via API elsewhere
https://dialphonevoip.hashnode.dev/how-a-12-person-recruitment-agency-doubled-their-placements-after-switching-phone-systems,dialphonevoip.hashnode.dev,skip_bot_blocked,0,checked via API elsewhere
https://dialphonevoip.hashnode.dev/the-procurement-directors-guide-to-buying-a-business-phone-system-without-getting-burned-1,dialphonevoip.hashnode.dev,skip_bot_blocked,0,checked via API elsewhere
https://dialphonevoip.hashnode.dev/voip-in-healthcare-the-hipaa-compliance-checklist-nobody-gave-you-1,dialphonevoip.hashnode.dev,skip_bot_blocked,0,checked via API elsewhere
https://dialphonevoip.hashnode.dev/dialphones-approach-to-voip-security-what-we-do-that-most-providers-dont-1,dialphonevoip.hashnode.dev,skip_bot_blocked,0,checked via API elsewhere
https://dialphonevoip.hashnode.dev/the-15-questions-i-ask-before-deploying-voip-at-any-us-business-1,dialphonevoip.hashnode.dev,skip_bot_blocked,0,checked via API elsewhere
https://dialphonevoip.hashnode.dev/the-us-smb-phone-system-comparison-dialphone-vs-legacy-carriers-cloud-voice-vs-gamma-horizon-1,dialphonevoip.hashnode.dev,skip_bot_blocked,0,checked via API elsewhere
https://dialphonevoip.hashnode.dev/what-happens-in-the-first-72-hours-after-switching-to-dialphone-1,dialphonevoip.hashnode.dev,skip_bot_blocked,0,checked via API elsewhere
https://dialphonevoip.hashnode.dev/the-definitive-guide-to-choosing-between-on-premise-and-cloud-voip-in-2026-1,dialphonevoip.hashnode.dev,skip_bot_blocked,0,checked via API elsewhere
https://dialphonevoip.hashnode.dev/the-phone-system-migration-nobody-talks-about-moving-from-one-voip-to-another-1,dialphonevoip.hashnode.dev,skip_bot_blocked,0,checked via API elsewhere
https://dialphonevoip.hashnode.dev/the-voip-features-that-actually-drive-revenue-not-the-ones-providers-market-1,dialphonevoip.hashnode.dev,skip_bot_blocked,0,checked via API elsewhere
https://dialphonevoip.hashnode.dev/i-tested-every-free-voip-service-for-business-use-here-is-why-they-all-failed-1,dialphonevoip.hashnode.dev,skip_bot_blocked,0,checked via API elsewhere
https://dialphonevoip.hashnode.dev/the-it-directors-voip-vendor-shortlisting-template-download-and-use-today-1,dialphonevoip.hashnode.dev,skip_bot_blocked,0,checked via API elsewhere
https://dialphonevoip.hashnode.dev/the-voip-migration-mistakes-that-cost-one-company-87000-1,dialphonevoip.hashnode.dev,skip_bot_blocked,0,checked via API elsewhere
https://dialphonevoip.hashnode.dev/the-uncomfortable-truth-about-voip-provider-churn-rates-and-what-they-tell-you-1,dialphonevoip.hashnode.dev,skip_bot_blocked,0,checked via API elsewhere
https://dialphonevoip.hashnode.dev/why-the-first-48-hours-after-a-voip-migration-determine-everything-1,dialphonevoip.hashnode.dev,skip_bot_blocked,0,checked via API elsewhere
https://dialphonevoip.hashnode.dev/the-12000-phone-bill-audit-that-every-finance-director-should-read-1,dialphonevoip.hashnode.dev,skip_bot_blocked,0,checked via API elsewhere
https://dialphonevoip.hashnode.dev/the-surprising-link-between-phone-system-quality-and-employee-retention-1,dialphonevoip.hashnode.dev,skip_bot_blocked,0,checked via API elsewhere
https://dialphonevoip.hashnode.dev/the-complete-guide-to-voip-for-multi-site-us-businesses-1,dialphonevoip.hashnode.dev,skip_bot_blocked,0,checked via API elsewhere
https://dialphonevoip.hashnode.dev/what-nobody-tells-you-about-voip-number-porting-in-the-us-1,dialphonevoip.hashnode.dev,skip_bot_blocked,0,checked via API elsewhere
https://dialphonevoip.hashnode.dev/how-we-cut-a-200-person-call-centers-hold-times-from-8-minutes-to-45-seconds-1,dialphonevoip.hashnode.dev,skip_bot_blocked,0,checked via API elsewhere
https://dialphonevoip.hashnode.dev/the-accountants-guide-to-telecom-expense-management-for-us-businesses-1,dialphonevoip.hashnode.dev,skip_bot_blocked,0,checked via API elsewhere
https://codeberg.org/dialphonelimited/voip-deployment-playbook,codeberg.org,live,11,has_link
https://gitlab.com/dialphonelimited/sip-configuration-templates,gitlab.com,live,4,has_link
https://gitlab.com/dialphonelimited/voip-deployment-playbook,gitlab.com,live,4,has_link
https://gitlab.com/dialphonelimited/cloud-phone-comparison,gitlab.com,live,4,has_link
https://gitlab.com/dialphonelimited/voip-network-diagnostics,gitlab.com,live,4,has_link
https://dev.to/dialphonelimited/how-long-does-a-uk-number-port-actually-take-data-from-480-real-ports-1f0c,dev.to,live,1,has_link
https://dev.to/dialphonelimited/the-uk-phone-bill-autopsy-a-line-by-line-walkthrough-of-what-you-are-actually-paying-for-3aog,dev.to,live,1,has_link
https://dev.to/dialphonelimited/i-tested-9-uk-voip-mobile-apps-for-notification-reliability-only-3-passed-2n4g,dev.to,live,1,has_link
https://dev.to/dialphonelimited/a-uk-hospitality-phone-system-guide-hotels-restaurants-and-the-operational-reality-40mk,dev.to,live,2,has_link
https://dev.to/dialphonelimited/how-to-actually-configure-qos-for-voip-on-a-uk-business-network-with-real-config-examples-1n17,dev.to,live,1,has_link
https://dev.to/dialphonelimited/what-actually-happens-during-a-uk-voip-contact-centre-deployment-not-the-brochure-version-fp8,dev.to,live,1,has_link
https://codeberg.org/dialphonelimited/telephone-system-audit,codeberg.org,live,11,has_link
https://codeberg.org/dialphonelimited/voip-network-diagnostics,codeberg.org,live,11,has_link
https://dev.to/dialphonelimited/a-uk-law-firm-phone-system-guide-sra-recording-rules-client-confidentiality-and-what-actually-22i0,dev.to,live,3,has_link
https://dev.to/dialphonelimited/the-real-cost-of-sip-trunks-in-the-uk-2026-per-channel-vs-concurrent-call-models-explained-13pd,dev.to,live,2,has_link
https://codeberg.org/dialphonelimited/cloud-phone-comparison,codeberg.org,live,11,has_link
https://codeberg.org/dialphonelimited/uk-voip-regulations,codeberg.org,live,11,has_link
https://gitlab.com/dialphonelimited/dialphone-site,gitlab.com,live,4,has_link
https://dev.to/dialphonelimited/i-tested-voicemail-transcription-accuracy-across-6-uk-voip-providers-the-spread-was-wider-than-274f,dev.to,live,1,has_link
