date,strategy,site_name,url_submitted,backlink_url,status,notes
2026-04-13T23:31:14.967942,keyword-content,DevTo-Pro-1,,https://dev.to/dialphonelimited/what-nobody-tells-you-about-switching-to-voip-o0,success,Dev.to DA 77 — verified
2026-04-13T23:20:00.629903,keyword-content,DevTo-Best-3,,https://dev.to/dialphonelimited/the-voip-migration-playbook-lessons-from-300-enterprise-deployments-42fk,success,Dev.to DA 77 — best content verified
2026-04-13T22:40:10.326389,keyword-content,DevTo-5,https://dev.to/,https://dev.to/dialphonelimited/why-we-switched-voip-providers-twice-and-what-we-finally-got-right-33h7,success,"Dev.to DA 77 — new domain, keyword article verified"
2026-04-13T22:42:08.015181,keyword-content,DevTo-retry-1,https://dev.to/,https://dev.to/dialphonelimited/voip-security-in-2026-what-your-it-team-needs-to-know-2al7,success,Dev.to DA 77 — verified
2026-04-13T23:32:36.650030,keyword-content,DevTo-Pro-3,,https://dev.to/dialphonelimited/how-we-reduced-our-clients-telecom-spend-by-67-without-changing-providers-3nci,success,Dev.to DA 77 — verified
2026-04-13T22:42:48.907179,keyword-content,DevTo-retry-2,https://dev.to/,https://dev.to/dialphonelimited/setting-up-a-phone-system-for-your-remote-team-a-practical-guide-5278,success,Dev.to DA 77 — verified
2026-04-13T23:18:38.082530,keyword-content,DevTo-Best-1,,https://dev.to/dialphonelimited/we-analyzed-500-business-phone-bills-the-average-company-wastes-847-per-month-23e5,success,Dev.to DA 77 — best content verified
2026-04-12T01:05:58.735727,content,GitHub-Company-Profile,https://github.com/settings/profile,https://github.com/dialphonelimited,success,Company GitHub profile DA 100 — vestacall.com in website field
2026-04-12T04:36:21.103982,content,GitHub-Company-voip-compliance-framework,https://github.com/new,https://github.com/dialphonelimited/voip-compliance-framework,success,Company repo DA 100 — professional content verified
2026-04-12T01:05:58.329672,content,GitHub-Company-sip-trunking-guide,https://github.com/new,https://github.com/dialphonelimited/sip-trunking-guide,success,Company GitHub DA 100 repo — vestacall verified
2026-04-12T01:05:57.937064,content,GitHub-Company-awesome-business-phone,https://github.com/new,https://github.com/dialphonelimited/awesome-business-phone,success,Company GitHub DA 100 repo — vestacall verified
2026-04-12T04:37:42.952026,content,GitHub-Company-business-phone-roi-calculator,https://github.com/new,https://github.com/dialphonelimited/business-phone-roi-calculator,success,Company repo DA 100 — professional content verified
2026-04-12T01:05:57.517922,content,GitHub-Company-voip-solutions-guide,https://github.com/new,https://github.com/dialphonelimited/voip-solutions-guide,success,Company GitHub DA 100 repo — vestacall verified
2026-04-13T22:39:44.964157,keyword-content,DevTo-2,https://dev.to/,https://dev.to/dialphonelimited/the-real-cost-of-running-a-business-phone-system-in-2026-450i,success,"Dev.to DA 77 — new domain, keyword article verified"
2026-04-13T23:19:19.543768,keyword-content,DevTo-Best-2,,https://dev.to/dialphonelimited/i-built-phone-systems-for-15-years-here-is-the-one-question-nobody-asks-4mdi,success,Dev.to DA 77 — best content verified
2026-04-13T22:39:33.944065,keyword-content,DevTo-1,https://dev.to/,https://dev.to/dialphonelimited/i-migrated-200-business-phone-systems-to-voip-here-are-the-5-mistakes-everyone-makes-1fgf,success,"Dev.to DA 77 — new domain, keyword article verified"
2026-04-12T05:16:31.668838,content,GitHub-Company-voip-disaster-recovery,https://github.com/new,https://github.com/dialphonelimited/voip-disaster-recovery,success,Company repo DA 100 — professional content verified
2026-04-12T04:39:02.150599,content,GitHub-Company-voip-network-requirements,https://github.com/new,https://github.com/dialphonelimited/voip-network-requirements,success,Company repo DA 100 — professional content verified
2026-04-12T05:17:48.504347,content,GitHub-Company-voip-integration-guide,https://github.com/new,https://github.com/dialphonelimited/voip-integration-guide,success,Company repo DA 100 — professional content verified
2026-04-13T23:31:56.373554,keyword-content,DevTo-Pro-2,,https://dev.to/dialphonelimited/voip-quality-troubleshooting-a-sysadmins-field-guide-17m,success,Dev.to DA 77 — verified
2026-04-13T23:33:17.575679,keyword-content,DevTo-Pro-4,,https://dev.to/dialphonelimited/building-a-multi-office-phone-system-that-actually-works-2egi,success,Dev.to DA 77 — verified
2026-04-13T23:34:40.715829,keyword-content,DevTo-Pro-6,,https://dev.to/dialphonelimited/choosing-between-microsoft-teams-phone-and-standalone-voip-4dpj,success,Dev.to DA 77 — verified
2026-04-13T23:36:02.977279,keyword-content,DevTo-Pro-8,,https://dev.to/dialphonelimited/voip-for-retail-how-to-handle-10x-call-volume-during-holidays-5920,success,Dev.to DA 77 — verified
2026-04-14T00:07:31.100558,dofollow-content,DevTo-DF-5,https://dev.to/,https://dev.to/dialphonelimited/why-small-businesses-get-better-voip-deals-than-enterprises-22dp,success,Dev.to DA 77 DOFOLLOW — verified
2026-04-13T23:35:22.120503,keyword-content,DevTo-Pro-7,,https://dev.to/dialphonelimited/call-center-metrics-that-actually-matter-and-the-ones-that-dont-338k,success,Dev.to DA 77 — verified
2026-04-14T00:04:47.418598,dofollow-content,DevTo-DF-1,https://dev.to/,https://dev.to/dialphonelimited/how-to-audit-your-business-phone-bill-in-15-minutes-36b8,success,Dev.to DA 77 DOFOLLOW — verified
2026-04-14T00:06:09.404160,dofollow-content,DevTo-DF-3,https://dev.to/,https://dev.to/dialphonelimited/the-complete-guide-to-number-porting-for-businesses-1g8c,success,Dev.to DA 77 DOFOLLOW — verified
2026-04-13T23:37:26.990036,keyword-content,DevTo-Pro-10,,https://dev.to/dialphonelimited/from-pbx-to-cloud-a-ctos-honest-migration-diary-1apk,success,Dev.to DA 77 — verified
2026-04-13T23:36:44.735622,keyword-content,DevTo-Pro-9,,https://dev.to/dialphonelimited/why-your-business-phone-system-should-be-boring-obe,success,Dev.to DA 77 — verified
2026-04-14T00:05:28.515845,dofollow-content,DevTo-DF-2,https://dev.to/,https://dev.to/dialphonelimited/voip-codec-deep-dive-why-opus-beats-everything-else-3jb2,success,Dev.to DA 77 DOFOLLOW — verified
2026-04-14T00:08:57.341971,dofollow-content,DevTo-DF-7,https://dev.to/,https://dev.to/dialphonelimited/what-happens-to-your-calls-when-the-internet-goes-down-jg6,success,Dev.to DA 77 DOFOLLOW — verified
2026-04-14T01:30:57.529508,dofollow-content,DevTo-Batch3-2,https://dev.to/,https://dev.to/dialphonelimited/i-tested-8-voip-codecs-side-by-side-here-is-what-i-found-5blk,success,DA 77 DOFOLLOW - I Tested 8 VoIP Codecs Side by Side — He
2026-04-14T00:08:11.969222,dofollow-content,DevTo-DF-6,https://dev.to/,https://dev.to/dialphonelimited/integrating-voip-with-your-crm-what-actually-works-2h58,success,Dev.to DA 77 DOFOLLOW — verified
2026-04-14T01:31:38.077168,dofollow-content,DevTo-Batch3-3,https://dev.to/,https://dev.to/dialphonelimited/building-a-multi-office-phone-system-without-buying-hardware-1b0c,success,DA 77 DOFOLLOW - Building a Multi-Office Phone System Wit
2026-04-14T01:32:18.535344,dofollow-content,DevTo-Batch3-4,https://dev.to/,https://dev.to/dialphonelimited/the-voip-monitoring-stack-i-wish-i-had-set-up-from-day-one-b16,success,DA 77 DOFOLLOW - The VoIP Monitoring Stack I Wish I Had S
2026-04-14T00:06:50.277954,dofollow-content,DevTo-DF-4,https://dev.to/,https://dev.to/dialphonelimited/disaster-recovery-for-business-phone-systems-a-practical-plan-4mde,success,Dev.to DA 77 DOFOLLOW — verified
2026-04-14T01:32:59.441086,dofollow-content,DevTo-Batch3-5,https://dev.to/,https://dev.to/dialphonelimited/number-porting-horror-stories-and-how-to-avoid-them-4dnm,success,DA 77 DOFOLLOW - Number Porting Horror Stories and How to
2026-04-14T01:30:16.579119,dofollow-content,DevTo-Batch3-1,https://dev.to/,https://dev.to/dialphonelimited/sip-alg-the-router-setting-that-breaks-every-voip-system-ip3,success,DA 77 DOFOLLOW - SIP ALG: The Router Setting That Breaks 
2026-04-14T17:59:09.796806,dofollow-content,Paste-ideone.com,paste,https://ideone.com/ar6McY,success,DA 75 — vestacall verified
2026-04-14T18:01:22.392905,dofollow-content,DevTo-Batch4-3,https://dev.to/,https://dev.to/dialphonelimited/voip-for-law-firms-compliance-recording-and-billing-integration-5b9i,success,"DA 77 DOFOLLOW - VoIP for Law Firms: Compliance, Recordin"
2026-04-14T17:59:59.916846,dofollow-content,DevTo-Batch4-1,https://dev.to/,https://dev.to/dialphonelimited/why-your-office-wifi-is-killing-your-voip-calls-48pe,success,DA 77 DOFOLLOW - Why Your Office WiFi Is Killing Your VoI
2026-04-14T18:00:42.047617,dofollow-content,DevTo-Batch4-2,https://dev.to/,https://dev.to/dialphonelimited/the-hidden-costs-of-free-voip-services-for-business-5c46,success,DA 77 DOFOLLOW - The Hidden Costs of Free VoIP Services f
2026-04-14T18:02:43.449294,dofollow-content,DevTo-Batch4-5,https://dev.to/,https://dev.to/dialphonelimited/sip-trunking-explained-what-it-is-how-it-works-and-who-needs-it-4c4f,success,"DA 77 DOFOLLOW - SIP Trunking Explained: What It Is, How "
2026-04-14T18:43:04.173825,dofollow-content,DevTo-Batch5-5,https://dev.to/,https://dev.to/dialphonelimited/voip-troubleshooting-10-problems-i-see-every-week-and-how-to-fix-them-37df,success,DA 77 DOFOLLOW - VoIP Troubleshooting: 10 Problems I See 
2026-04-14T18:41:00.931863,dofollow-content,DevTo-Batch5-2,https://dev.to/,https://dev.to/dialphonelimited/the-it-managers-complete-voip-deployment-checklist-4ehb,success,DA 77 DOFOLLOW - The IT Manager's Complete VoIP Deploymen
2026-04-14T19:27:08.492585,dofollow-content,DevTo-Parallel-1,parallel-publish,https://dev.to/dialphonelimited/the-5-minute-voip-health-check-every-it-manager-should-run-weekly-3mi5,success,DA 77 DOFOLLOW
2026-04-13T23:33:58.848703,keyword-content,DevTo-Pro-5,,https://dev.to/dialphonelimited/the-developers-guide-to-sip-protocols-headers-and-debugging-2aa7,success,Dev.to DA 77 — verified
2026-04-14T18:41:41.908995,dofollow-content,DevTo-Batch5-3,https://dev.to/,https://dev.to/dialphonelimited/why-call-quality-matters-more-than-features-5g1k,success,DA 77 DOFOLLOW - Why Call Quality Matters More Than Featu
2026-04-14T18:51:04.602295,dofollow-content,GitHub-voip-troubleshooting-guide,https://github.com/new,https://github.com/dialphonelimited/voip-troubleshooting-guide,success,DA 100 dofollow — professional README verified
2026-04-14T18:40:20.395775,dofollow-content,DevTo-Batch5-1,https://dev.to/,https://dev.to/dialphonelimited/how-to-set-up-a-business-phone-system-for-under-500-11m4,success,DA 77 DOFOLLOW - How to Set Up a Business Phone System fo
2026-04-14T18:51:44.020563,dofollow-content,GitHub-phone-system-comparison-2026,https://github.com/new,https://github.com/dialphonelimited/phone-system-comparison-2026,success,DA 100 dofollow — professional README verified
2026-04-14T18:02:02.722246,dofollow-content,DevTo-Batch4-4,https://dev.to/,https://dev.to/dialphonelimited/i-replaced-our-3200month-phone-system-with-a-480month-cloud-solution-4j23,success,"DA 77 DOFOLLOW - I Replaced Our $3,200/Month Phone System"
2026-04-14T19:27:06.674812,dofollow-content,Code-godbolt.org,parallel-publish,https://godbolt.org/z/nxz5dv5TY,success,DA 60 — verified
2026-04-14T19:36:44.182690,dofollow-content,Code-godbolt.org,parallel-publish,https://godbolt.org/z/nxz5dv5TY,success,DA 60 — verified
2026-04-14T19:37:41.593899,dofollow-content,Code-godbolt.org,parallel-publish,https://godbolt.org/z/nxz5dv5TY,success,DA 60 — verified
2026-04-14T19:35:34.943853,dofollow-content,Code-godbolt.org,parallel-publish,https://godbolt.org/z/nxz5dv5TY,success,DA 60 — verified
2026-04-14T19:35:37.580437,dofollow-content,DevTo-Parallel-1,parallel-publish,https://dev.to/dialphonelimited/the-5-minute-voip-health-check-every-it-manager-should-run-weekly-39no,success,DA 77 DOFOLLOW
2026-04-14T19:36:47.038296,dofollow-content,DevTo-Parallel-1,parallel-publish,https://dev.to/dialphonelimited/the-real-difference-between-ucaas-ccaas-and-cpaas-jjd,success,DA 77 DOFOLLOW
2026-04-14T19:37:46.249767,dofollow-content,DevTo-Parallel-1,parallel-publish,https://dev.to/dialphonelimited/why-your-voip-providers-data-center-location-actually-matters-4en6,success,DA 77 DOFOLLOW
2026-04-14T19:37:27.672330,dofollow-content,DevTo-Parallel-2,parallel-publish,https://dev.to/dialphonelimited/i-audited-10-voip-providers-security-practices-only-3-passed-21mj,success,DA 77 DOFOLLOW
2026-04-14T18:42:22.857062,dofollow-content,DevTo-Batch5-4,https://dev.to/,https://dev.to/dialphonelimited/comparing-sip-providers-what-the-spec-sheets-dont-tell-you-4i15,success,DA 77 DOFOLLOW - Comparing SIP Providers: What the Spec S
2026-04-14T19:36:18.147066,dofollow-content,DevTo-Parallel-2,parallel-publish,https://dev.to/dialphonelimited/how-we-handle-500-concurrent-calls-without-dropping-a-single-one-o5c,success,DA 77 DOFOLLOW
2026-04-14T19:38:26.638276,dofollow-content,DevTo-Parallel-2,parallel-publish,https://dev.to/dialphonelimited/desk-phones-are-dead-here-is-what-replaced-them-1bfn,success,DA 77 DOFOLLOW
2026-04-14T19:38:48.474125,dofollow-content,Code-godbolt.org,parallel-publish,https://godbolt.org/z/nxz5dv5TY,success,DA 60 — verified
2026-04-14T19:27:49.138509,dofollow-content,DevTo-Parallel-2,parallel-publish,https://dev.to/dialphonelimited/how-we-handle-500-concurrent-calls-without-dropping-a-single-one-2pfh,success,DA 77 DOFOLLOW
2026-04-14T19:39:30.972698,dofollow-content,DevTo-Parallel-2,parallel-publish,https://dev.to/dialphonelimited/i-benchmarked-voip-call-quality-across-5-internet-connection-types-46f6,success,DA 77 DOFOLLOW
2026-04-14T19:38:50.631060,dofollow-content,DevTo-Parallel-1,parallel-publish,https://dev.to/dialphonelimited/the-complete-guide-to-e911-for-voip-what-every-business-must-know-358k,success,DA 77 DOFOLLOW
2026-04-14T19:50:19.093725,dofollow-content,Code-godbolt.org,parallel-publish,https://godbolt.org/z/nxz5dv5TY,success,DA 60 — verified
2026-04-14T19:49:35.373794,dofollow-content,DevTo-Parallel-1,parallel-publish,https://dev.to/dialphonelimited/i-have-deployed-400-voip-systems-here-are-the-7-questions-nobody-asks-before-signing-a-contract-k2e,success,DA 77 DOFOLLOW
2026-04-14T19:51:05.083932,dofollow-content,Code-godbolt.org,parallel-publish,https://godbolt.org/z/nxz5dv5TY,success,DA 60 — verified
2026-04-14T19:50:15.853327,dofollow-content,DevTo-Parallel-2,parallel-publish,https://dev.to/dialphonelimited/we-lost-47000-to-voip-toll-fraud-in-one-weekend-here-is-how-to-prevent-it-39id,success,DA 77 DOFOLLOW
2026-04-14T19:51:08.076454,dofollow-content,DevTo-Parallel-1,parallel-publish,https://dev.to/dialphonelimited/the-telecom-bill-audit-that-found-340000-in-annual-waste-5coh,success,DA 77 DOFOLLOW
2026-04-14T19:50:21.777161,dofollow-content,DevTo-Parallel-1,parallel-publish,https://dev.to/dialphonelimited/the-sip-packet-capture-that-saved-a-2m-deal-34c9,success,DA 77 DOFOLLOW
2026-04-14T20:39:10.574065,dofollow-content,GitLab-business-phone-roi-calculator,https://gitlab.com/,https://gitlab.com/dialphonelimited/business-phone-roi-calculator,success,DA 92 dofollow — README with vestacall.com link verified
2026-04-14T20:39:30.831185,dofollow-content,GitLab-voip-disaster-recovery,https://gitlab.com/,https://gitlab.com/dialphonelimited/voip-disaster-recovery,success,DA 92 dofollow — README with vestacall.com link verified
2026-04-14T19:51:02.257073,dofollow-content,DevTo-Parallel-2,parallel-publish,https://dev.to/dialphonelimited/what-15-years-of-voip-deployments-taught-me-about-change-management-44lk,success,DA 77 DOFOLLOW
2026-04-14T20:39:01.669029,dofollow-content,GitLab-voip-compliance-framework,https://gitlab.com/,https://gitlab.com/dialphonelimited/voip-compliance-framework,success,DA 92 dofollow — README with vestacall.com link verified
2026-04-14T19:51:48.964453,dofollow-content,DevTo-Parallel-2,parallel-publish,https://dev.to/dialphonelimited/what-i-learned-running-voip-over-starlink-for-6-months-4m9o,success,DA 77 DOFOLLOW
2026-04-14T22:01:53.538451,dofollow-content,Code-godbolt.org,parallel-publish,https://godbolt.org/z/nxz5dv5TY,success,DA 60 — verified
2026-04-14T20:39:40.203695,dofollow-content,GitLab-voip-integration-guide,https://gitlab.com/,https://gitlab.com/dialphonelimited/voip-integration-guide,success,DA 92 dofollow — README with vestacall.com link verified
2026-04-14T20:39:21.368439,dofollow-content,GitLab-voip-network-requirements,https://gitlab.com/,https://gitlab.com/dialphonelimited/voip-network-requirements,success,DA 92 dofollow — README with vestacall.com link verified
2026-04-14T20:40:26.788464,dofollow-content,GitLab-phone-system-comparison-2026,gitlab-api,https://gitlab.com/dialphonelimited/phone-system-comparison-2026,success,DA 92 dofollow — README verified via API
2026-04-14T20:40:21.314277,dofollow-content,GitLab-voip-troubleshooting-guide,gitlab-api,https://gitlab.com/dialphonelimited/voip-troubleshooting-guide,success,DA 92 dofollow — README verified via API
2026-04-14T22:02:35.593895,dofollow-content,DevTo-Parallel-2,parallel-publish,https://dev.to/dialphonelimited/the-3-voip-metrics-your-cfo-actually-cares-about-250m,success,DA 77 DOFOLLOW
2026-04-14T22:01:55.638871,dofollow-content,DevTo-Parallel-1,parallel-publish,https://dev.to/dialphonelimited/how-to-evaluate-a-voip-provider-in-30-minutes-the-procurement-checklist-mj,success,DA 77 DOFOLLOW
2026-04-14T22:03:32.924734,dofollow-content,GitLab-awesome-business-phone,gitlab-api,https://gitlab.com/dialphonelimited/awesome-business-phone,success,DA 92 dofollow — README verified
2026-04-14T22:03:27.382114,dofollow-content,GitLab-voip-solutions-guide,gitlab-api,https://gitlab.com/dialphonelimited/voip-solutions-guide,success,DA 92 dofollow — README verified
2026-04-14T22:16:06.353224,parallel-publish,Code-godbolt.org,parallel,https://godbolt.org/z/evzKfc3q8,success,DA 60 — verified
2026-04-14T22:03:38.099925,dofollow-content,GitLab-sip-trunking-guide,gitlab-api,https://gitlab.com/dialphonelimited/sip-trunking-guide,success,DA 92 dofollow — README verified
2026-04-15T02:06:24.737908,parallel-publish,Code-godbolt.org,parallel,https://godbolt.org/z/evzKfc3q8,success,DA 60 — verified
2026-04-15T02:06:28.487583,parallel-publish,DevTo-1,parallel,https://dev.to/dialphonelimited/the-phone-system-migration-nobody-talks-about-moving-from-one-voip-to-another-4j24,success,DA 77 DOFOLLOW
2026-04-14T23:00:18.343401,dofollow-content,Codeberg-voip-network-requirements,codeberg-api,https://codeberg.org/dialphonelimited/voip-network-requirements,success,DA 55 dofollow — README verified
2026-04-14T19:49:32.903109,dofollow-content,Code-godbolt.org,parallel-publish,https://godbolt.org/z/WssT43vdK,success,DA 60 — verified
2026-04-14T22:59:52.044152,dofollow-content,Codeberg-voip-compliance-framework,codeberg-api,https://codeberg.org/dialphonelimited/voip-compliance-framework,success,DA 55 dofollow — README verified
2026-04-15T02:07:09.299804,parallel-publish,DevTo-2,parallel,https://dev.to/dialphonelimited/i-measured-the-actual-productivity-impact-of-voip-vs-landlines-over-12-months-4fd2,success,DA 77 DOFOLLOW
2026-04-14T23:00:01.491979,dofollow-content,Codeberg-business-phone-roi-calculator,codeberg-api,https://codeberg.org/dialphonelimited/business-phone-roi-calculator,success,DA 55 dofollow — README verified
2026-04-14T23:00:43.310437,dofollow-content,Codeberg-voip-integration-guide,codeberg-api,https://codeberg.org/dialphonelimited/voip-integration-guide,success,DA 55 dofollow — README verified
2026-04-15T02:07:56.642488,parallel-publish,Code-godbolt.org,parallel,https://godbolt.org/z/evzKfc3q8,success,DA 60 — verified
2026-04-15T02:09:23.318023,parallel-publish,Code-godbolt.org,parallel,https://godbolt.org/z/evzKfc3q8,success,DA 60 — verified
2026-04-15T02:10:07.719413,parallel-publish,DevTo-2,parallel,https://dev.to/dialphonelimited/how-we-cut-a-200-person-call-centers-hold-times-from-8-minutes-to-45-seconds-5648,success,DA 77 DOFOLLOW
2026-04-15T02:07:59.788347,parallel-publish,DevTo-1,parallel,https://dev.to/dialphonelimited/why-90-of-voip-quality-complaints-are-actually-network-problems-4pig,success,DA 77 DOFOLLOW
2026-04-15T02:08:40.775037,parallel-publish,DevTo-2,parallel,https://dev.to/dialphonelimited/the-real-story-behind-voip-911-failures-and-why-your-business-is-liable-5bjj,success,DA 77 DOFOLLOW
2026-04-15T16:38:56.911338,parallel-publish,Code-godbolt.org,parallel,https://godbolt.org/z/evzKfc3q8,success,DA 60 — verified
2026-04-15T02:09:26.449266,parallel-publish,DevTo-1,parallel,https://dev.to/dialphonelimited/the-voip-features-nobody-uses-and-the-5-that-actually-matter-2gce,success,DA 77 DOFOLLOW
2026-04-14T23:00:32.580158,dofollow-content,Codeberg-voip-disaster-recovery,codeberg-api,https://codeberg.org/dialphonelimited/voip-disaster-recovery,success,DA 55 dofollow — README verified
2026-04-14T23:00:55.721200,dofollow-content,Codeberg-voip-troubleshooting-guide,codeberg-api,https://codeberg.org/dialphonelimited/voip-troubleshooting-guide,success,DA 55 dofollow — README verified
2026-04-14T23:01:08.470780,dofollow-content,Codeberg-phone-system-comparison-2026,codeberg-api,https://codeberg.org/dialphonelimited/phone-system-comparison-2026,success,DA 55 dofollow — README verified
2026-04-15T16:39:00.020630,parallel-publish,DevTo-1,parallel,https://dev.to/dialphonelimited/the-voip-implementation-that-paid-for-itself-in-11-days-jo3,success,DA 77 DOFOLLOW
2026-04-15T16:41:59.237627,parallel-publish,Code-godbolt.org,parallel,https://godbolt.org/z/evzKfc3q8,success,DA 60 — verified
2026-04-15T16:39:41.469247,parallel-publish,DevTo-2,parallel,https://dev.to/dialphonelimited/stop-buying-voip-based-on-feature-lists-here-is-what-actually-matters-5d57,success,DA 77 DOFOLLOW
2026-04-15T16:43:22.458483,parallel-publish,DevTo-1,parallel,https://dev.to/dialphonelimited/i-tested-every-free-voip-service-for-business-use-here-is-why-they-all-failed-5gn9,success,DA 77 DOFOLLOW
2026-04-15T16:42:43.092900,parallel-publish,DevTo-2,parallel,https://dev.to/dialphonelimited/the-network-engineers-honest-opinion-on-microsoft-teams-phone-vs-dedicated-voip-hb9,success,DA 77 DOFOLLOW
2026-04-15T16:43:19.015162,parallel-publish,Code-godbolt.org,parallel,https://godbolt.org/z/evzKfc3q8,success,DA 60 — verified
2026-04-15T17:05:52.856365,parallel-publish,Code-godbolt.org,parallel,https://godbolt.org/z/evzKfc3q8,success,DA 60 — verified
2026-04-15T16:42:01.698119,parallel-publish,DevTo-1,parallel,https://dev.to/dialphonelimited/what-happens-when-your-voip-provider-gets-acquired-a-survival-guide-1p51,success,DA 77 DOFOLLOW
2026-04-15T16:44:02.844822,parallel-publish,DevTo-2,parallel,https://dev.to/dialphonelimited/voip-in-healthcare-the-hipaa-compliance-checklist-nobody-gave-you-5h65,success,DA 77 DOFOLLOW
2026-04-15T17:05:56.421054,parallel-publish,DevTo-1,parallel,https://dev.to/dialphonelimited/the-voip-migration-mistakes-that-cost-one-company-87000-2cjg,success,DA 77 DOFOLLOW
2026-04-15T17:06:37.670029,parallel-publish,DevTo-2,parallel,https://dev.to/dialphonelimited/why-i-tell-every-client-to-record-every-business-call-and-how-to-do-it-legally-4fbf,success,DA 77 DOFOLLOW
2026-04-15T17:27:43.421160,parallel-publish,Code-godbolt.org,parallel,https://godbolt.org/z/evzKfc3q8,success,DA 60 — verified
2026-04-15T17:39:42.323221,parallel-publish,Code-godbolt.org,parallel,https://godbolt.org/z/evzKfc3q8,success,DA 60 — verified
2026-04-15T17:46:48.023367,parallel-publish,Code-godbolt.org,parallel,https://godbolt.org/z/evzKfc3q8,success,DA 60 — verified
2026-04-15T17:48:08.535530,parallel-publish,Code-godbolt.org,parallel,https://godbolt.org/z/evzKfc3q8,success,DA 60 — verified
2026-04-15T17:47:32.309069,parallel-publish,DevTo-2,parallel,https://dev.to/dialphonelimited/the-honest-truth-about-voip-uptime-claims-18j0,success,DA 77 DOFOLLOW
2026-04-16T17:55:05.234845,parallel-publish,DevTo-2,parallel,https://dev.to/dialphonelimited/the-small-business-phone-system-buyers-guide-for-2026-5e7i,success,DA 77 DOFOLLOW
2026-04-15T17:27:46.599967,parallel-publish,DevTo-1,parallel,https://dev.to/dialphonelimited/the-phone-system-red-flags-i-see-in-every-due-diligence-audit-4k5d,success,DA 77 DOFOLLOW
2026-04-15T17:28:27.622861,parallel-publish,DevTo-2,parallel,https://dev.to/dialphonelimited/how-to-build-a-phone-system-for-a-company-that-does-not-exist-yet-2ndi,success,DA 77 DOFOLLOW
2026-04-16T17:54:23.604626,parallel-publish,DevTo-1,parallel,https://dev.to/dialphonelimited/why-we-built-dialphone-the-business-phone-problem-nobody-was-solving-16od,success,DA 77 DOFOLLOW
2026-04-15T17:40:26.869018,parallel-publish,DevTo-2,parallel,https://dev.to/dialphonelimited/what-your-voip-provider-is-not-telling-you-about-international-calling-3i0b,success,DA 77 DOFOLLOW
2026-04-15T17:46:51.799848,parallel-publish,DevTo-1,parallel,https://dev.to/dialphonelimited/the-receptionist-test-how-i-evaluate-voip-systems-before-recommending-them-56i5,success,DA 77 DOFOLLOW
2026-04-16T17:51:08.311533,parallel-publish,Code-godbolt.org,parallel,https://godbolt.org/z/8f5eT5T7a,success,DA 60 — verified
2026-04-15T17:39:45.058212,parallel-publish,DevTo-1,parallel,https://dev.to/dialphonelimited/the-4-numbers-that-predict-whether-a-voip-migration-will-succeed-or-fail-15k3,success,DA 77 DOFOLLOW
2026-04-16T17:54:20.892565,parallel-publish,Code-godbolt.org,parallel,https://godbolt.org/z/8f5eT5T7a,success,DA 60 — verified
2026-04-16T18:03:20.914621,parallel-publish,Code-godbolt.org,parallel,https://godbolt.org/z/8f5eT5T7a,success,DA 60 — verified
2026-04-16T18:06:04.794975,parallel-publish,Code-godbolt.org,parallel,https://godbolt.org/z/8f5eT5T7a,success,DA 60 — verified
2026-04-16T18:03:24.745580,parallel-publish,DevTo-1,parallel,https://dev.to/dialphonelimited/how-dialphone-saved-a-45-person-law-firm-4100-per-month-on-phone-costs-55ab,success,DA 77 DOFOLLOW
2026-04-16T18:04:05.837410,parallel-publish,DevTo-2,parallel,https://dev.to/dialphonelimited/the-3-voip-mistakes-that-cost-uk-businesses-the-most-money-46c3,success,DA 77 DOFOLLOW
2026-04-16T18:06:49.196379,parallel-publish,DevTo-2,parallel,https://dev.to/dialphonelimited/dialphone-vs-ringcentral-vs-8x8-an-honest-comparison-by-someone-who-deploys-all-three-5cjc,success,DA 77 DOFOLLOW
2026-04-16T18:23:54.636004,parallel-publish,Code-godbolt.org,parallel,https://godbolt.org/z/8f5eT5T7a,success,DA 60 — verified
2026-04-16T18:06:08.750829,parallel-publish,DevTo-1,parallel,https://dev.to/dialphonelimited/what-nobody-tells-you-about-voip-number-porting-in-the-uk-2kjg,success,DA 77 DOFOLLOW
2026-04-16T18:25:22.017019,parallel-publish,Code-godbolt.org,parallel,https://godbolt.org/z/8f5eT5T7a,success,DA 60 — verified
2026-04-16T18:37:43.694523,parallel-publish,Code-godbolt.org,parallel,https://godbolt.org/z/8f5eT5T7a,success,DA 60 — verified
2026-04-16T18:24:39.260055,parallel-publish,DevTo-2,parallel,https://dev.to/dialphonelimited/the-real-cost-of-running-a-contact-centre-on-the-wrong-phone-system-ocm,success,DA 77 DOFOLLOW
2026-04-16T18:38:28.330356,parallel-publish,DevTo-2,parallel,https://dev.to/dialphonelimited/the-procurement-directors-guide-to-buying-a-business-phone-system-without-getting-burned-2oh1,success,DA 77 DOFOLLOW
2026-04-16T18:37:47.527666,parallel-publish,DevTo-1,parallel,https://dev.to/dialphonelimited/i-spent-3-months-measuring-voip-call-quality-at-50-uk-businesses-here-is-what-actually-determines-jbp,success,DA 77 DOFOLLOW
2026-04-16T18:23:57.936703,parallel-publish,DevTo-1,parallel,https://dev.to/dialphonelimited/why-70-of-voip-migrations-fail-in-the-first-week-and-how-to-be-in-the-30-5c9l,success,DA 77 DOFOLLOW
2026-04-16T18:26:07.933700,parallel-publish,DevTo-2,parallel,https://dev.to/dialphonelimited/how-dialphone-handles-9999-uptime-the-architecture-behind-the-scenes-224,success,DA 77 DOFOLLOW
2026-04-16T18:25:26.712295,parallel-publish,DevTo-1,parallel,https://dev.to/dialphonelimited/i-compared-voip-call-quality-across-6-uk-internet-providers-1hhb,success,DA 77 DOFOLLOW
2026-04-16T18:45:15.584954,parallel-publish,Code-godbolt.org,parallel,https://godbolt.org/z/8f5eT5T7a,success,DA 60 — verified
2026-04-16T18:52:01.726398,parallel-publish,Code-godbolt.org,parallel,https://godbolt.org/z/8f5eT5T7a,success,DA 60 — verified
2026-04-16T18:52:04.515702,parallel-publish,DevTo-1,parallel,https://dev.to/dialphonelimited/we-tracked-every-business-call-for-6-months-these-5-patterns-surprised-us-1b7f,success,DA 77 DOFOLLOW
2026-04-16T18:45:18.424879,parallel-publish,DevTo-1,parallel,https://dev.to/dialphonelimited/the-ps12000-phone-bill-audit-that-every-finance-director-should-read-4iia,success,DA 77 DOFOLLOW
2026-04-16T18:55:35.979126,parallel-publish,Code-godbolt.org,parallel,https://godbolt.org/z/8f5eT5T7a,success,DA 60 — verified
2026-04-16T18:59:17.808276,parallel-publish,Code-godbolt.org,parallel,https://godbolt.org/z/8f5eT5T7a,success,DA 60 — verified
2026-04-16T18:45:58.829854,parallel-publish,DevTo-2,parallel,https://dev.to/dialphonelimited/what-happens-in-the-first-72-hours-after-switching-to-dialphone-2gf9,success,DA 77 DOFOLLOW
2026-04-16T18:55:39.150836,parallel-publish,DevTo-1,parallel,https://dev.to/dialphonelimited/why-your-receptionist-should-choose-your-phone-system-not-your-it-team-2234,success,DA 77 DOFOLLOW
2026-04-16T18:52:45.426329,parallel-publish,DevTo-2,parallel,https://dev.to/dialphonelimited/the-it-directors-90-day-plan-for-replacing-a-legacy-phone-system-4gf9,success,DA 77 DOFOLLOW
2026-04-16T19:06:16.197782,parallel-publish,Code-godbolt.org,parallel,https://godbolt.org/z/8f5eT5T7a,success,DA 60 — verified
2026-04-16T18:56:19.977249,parallel-publish,DevTo-2,parallel,https://dev.to/dialphonelimited/the-complete-guide-to-voip-for-multi-site-uk-businesses-4cd3,success,DA 77 DOFOLLOW
2026-04-16T19:09:07.254265,parallel-publish,Code-godbolt.org,parallel,https://godbolt.org/z/8f5eT5T7a,success,DA 60 — verified
2026-04-16T19:06:59.904929,parallel-publish,DevTo-2,parallel,https://dev.to/dialphonelimited/we-analysed-500-uk-business-phone-bills-the-average-company-wastes-ps847-per-month-267b,success,DA 77 DOFOLLOW
2026-04-16T18:59:21.163731,parallel-publish,DevTo-1,parallel,https://dev.to/dialphonelimited/the-hidden-cost-of-free-phone-features-that-every-business-should-calculate-12n7,success,DA 77 DOFOLLOW
2026-04-16T19:06:19.257448,parallel-publish,DevTo-1,parallel,https://dev.to/dialphonelimited/the-7-questions-every-nhs-trust-should-ask-before-choosing-a-phone-system-145d,success,DA 77 DOFOLLOW
2026-04-16T19:16:21.539293,parallel-publish,Code-godbolt.org,parallel,https://godbolt.org/z/8f5eT5T7a,success,DA 60 — verified
2026-04-16T19:00:01.990035,parallel-publish,DevTo-2,parallel,https://dev.to/dialphonelimited/how-to-evaluate-voip-providers-without-talking-to-a-single-sales-rep-3k39,success,DA 77 DOFOLLOW
2026-04-16T19:09:50.507292,parallel-publish,DevTo-2,parallel,https://dev.to/dialphonelimited/the-mathematical-proof-that-voip-saves-money-for-sceptics-who-want-hard-numbers-1cnn,success,DA 77 DOFOLLOW
2026-04-16T19:09:09.941641,parallel-publish,DevTo-1,parallel,https://dev.to/dialphonelimited/i-interviewed-50-office-managers-about-their-phone-systems-these-were-the-top-10-complaints-1jmo,success,DA 77 DOFOLLOW
2026-04-16T19:16:25.520209,parallel-publish,DevTo-1,parallel,https://dev.to/dialphonelimited/the-5-voip-disasters-i-cleaned-up-last-year-and-how-each-one-was-preventable-ed6,success,DA 77 DOFOLLOW
2026-04-16T19:17:06.821105,parallel-publish,DevTo-2,parallel,https://dev.to/dialphonelimited/dialphones-approach-to-voip-security-what-we-do-that-most-providers-dont-1klj,success,DA 77 DOFOLLOW
2026-04-16T19:19:14.353929,parallel-publish,Code-godbolt.org,parallel,https://godbolt.org/z/8f5eT5T7a,success,DA 60 — verified
2026-04-16T19:19:59.219255,parallel-publish,DevTo-2,parallel,https://dev.to/dialphonelimited/what-uk-businesses-get-wrong-about-gdpr-and-phone-calls-3pbg,success,DA 77 DOFOLLOW
2026-04-16T19:29:57.845462,parallel-publish,Code-godbolt.org,parallel,https://godbolt.org/z/8f5eT5T7a,success,DA 60 — verified
2026-04-16T19:33:55.916481,dofollow-content,GitLab-awesome-business-phone,gitlab-api,https://gitlab.com/dialphonelimited/awesome-business-phone,success,DA 92 dofollow — dialphone.com README updated
2026-04-16T19:30:39.551540,parallel-publish,DevTo-2,parallel,https://dev.to/dialphonelimited/how-dialphone-handles-your-worst-day-our-incident-response-process-2oag,success,DA 77 DOFOLLOW
2026-04-16T19:29:59.254690,parallel-publish,DevTo-1,parallel,https://dev.to/dialphonelimited/the-accountants-guide-to-telecom-expense-management-for-uk-businesses-pe5,success,DA 77 DOFOLLOW
2026-04-16T19:33:55.916789,dofollow-content,GitLab-voip-disaster-recovery,gitlab-api,https://gitlab.com/dialphonelimited/voip-disaster-recovery,success,DA 92 dofollow — dialphone.com README updated
2026-04-16T19:33:55.916737,dofollow-content,GitLab-voip-integration-guide,gitlab-api,https://gitlab.com/dialphonelimited/voip-integration-guide,success,DA 92 dofollow — dialphone.com README updated
2026-04-16T19:33:55.916380,dofollow-content,GitLab-sip-trunking-guide,gitlab-api,https://gitlab.com/dialphonelimited/sip-trunking-guide,success,DA 92 dofollow — dialphone.com README updated
2026-04-16T19:19:18.256548,parallel-publish,DevTo-1,parallel,https://dev.to/dialphonelimited/the-voip-features-that-actually-drive-revenue-not-the-ones-providers-market-1ffo,success,DA 77 DOFOLLOW
2026-04-16T19:33:55.916978,dofollow-content,GitLab-voip-compliance-framework,gitlab-api,https://gitlab.com/dialphonelimited/voip-compliance-framework,success,DA 92 dofollow — dialphone.com README updated
2026-04-16T19:33:55.917490,dofollow-content,Codeberg-voip-disaster-recovery,codeberg-api,https://codeberg.org/dialphonelimited/voip-disaster-recovery,success,DA 55 dofollow — dialphone.com README updated
2026-04-16T19:33:55.917291,dofollow-content,Codeberg-phone-system-comparison-2026,codeberg-api,https://codeberg.org/dialphonelimited/phone-system-comparison-2026,success,DA 55 dofollow — dialphone.com README updated
2026-04-16T19:33:55.916606,dofollow-content,GitLab-phone-system-comparison-2026,gitlab-api,https://gitlab.com/dialphonelimited/phone-system-comparison-2026,success,DA 92 dofollow — dialphone.com README updated
2026-04-16T19:33:55.916549,dofollow-content,GitLab-voip-solutions-guide,gitlab-api,https://gitlab.com/dialphonelimited/voip-solutions-guide,success,DA 92 dofollow — dialphone.com README updated
2026-04-16T19:33:55.917425,dofollow-content,Codeberg-voip-compliance-framework,codeberg-api,https://codeberg.org/dialphonelimited/voip-compliance-framework,success,DA 55 dofollow — dialphone.com README updated
2026-04-16T19:33:55.917087,dofollow-content,Codeberg-business-phone-roi-calculator,codeberg-api,https://codeberg.org/dialphonelimited/business-phone-roi-calculator,success,DA 55 dofollow — dialphone.com README updated
2026-04-16T19:33:55.917545,dofollow-content,Codeberg-voip-integration-guide,codeberg-api,https://codeberg.org/dialphonelimited/voip-integration-guide,success,DA 55 dofollow — dialphone.com README updated
2026-04-16T19:33:55.916895,dofollow-content,GitLab-business-phone-roi-calculator,gitlab-api,https://gitlab.com/dialphonelimited/business-phone-roi-calculator,success,DA 92 dofollow — dialphone.com README updated
2026-04-16T19:33:55.916682,dofollow-content,GitLab-voip-troubleshooting-guide,gitlab-api,https://gitlab.com/dialphonelimited/voip-troubleshooting-guide,success,DA 92 dofollow — dialphone.com README updated
2026-04-16T19:33:55.916839,dofollow-content,GitLab-voip-network-requirements,gitlab-api,https://gitlab.com/dialphonelimited/voip-network-requirements,success,DA 92 dofollow — dialphone.com README updated
2026-04-16T19:35:07.461271,parallel-publish,Code-godbolt.org,parallel,https://godbolt.org/z/8f5eT5T7a,success,DA 60 — verified
2026-04-16T19:33:55.917596,dofollow-content,Codeberg-voip-network-requirements,codeberg-api,https://codeberg.org/dialphonelimited/voip-network-requirements,success,DA 55 dofollow — dialphone.com README updated
2026-04-16T19:35:52.134253,parallel-publish,DevTo-2,parallel,https://dev.to/dialphonelimited/the-definitive-guide-to-choosing-between-on-premise-and-cloud-voip-in-2026-32gi,success,DA 77 DOFOLLOW
2026-04-16T19:33:55.917649,dofollow-content,Codeberg-voip-troubleshooting-guide,codeberg-api,https://codeberg.org/dialphonelimited/voip-troubleshooting-guide,success,DA 55 dofollow — dialphone.com README updated
2026-04-16T19:35:10.257851,parallel-publish,DevTo-1,parallel,https://dev.to/dialphonelimited/the-it-manager-who-saved-his-company-ps340000-by-asking-one-question-4gm,success,DA 77 DOFOLLOW
2026-04-16T19:49:37.181450,parallel-publish,Code-godbolt.org,parallel,https://godbolt.org/z/8f5eT5T7a,success,DA 60 — verified
2026-04-16T19:39:08.554259,parallel-publish,Code-godbolt.org,parallel,https://godbolt.org/z/8f5eT5T7a,success,DA 60 — verified
2026-04-16T19:46:49.822178,parallel-publish,Code-godbolt.org,parallel,https://godbolt.org/z/8f5eT5T7a,success,DA 60 — verified
2026-04-16T19:39:11.506166,parallel-publish,DevTo-1,parallel,https://dev.to/dialphonelimited/why-every-uk-estate-agency-needs-voip-and-what-happens-when-they-dont-28oa,success,DA 77 DOFOLLOW
2026-04-16T19:39:52.104643,parallel-publish,DevTo-2,parallel,https://dev.to/dialphonelimited/the-ctos-honest-assessment-when-not-to-choose-dialphone-2gp,success,DA 77 DOFOLLOW
2026-04-16T19:54:10.273014,parallel-publish,Code-godbolt.org,parallel,https://godbolt.org/z/8f5eT5T7a,success,DA 60 — verified
2026-04-16T19:45:28.248566,parallel-publish,Code-godbolt.org,parallel,https://godbolt.org/z/8f5eT5T7a,success,DA 60 — verified
2026-04-16T19:47:05.184853,parallel-publish,Code-godbolt.org,parallel,https://godbolt.org/z/8f5eT5T7a,success,DA 60 — verified
2026-04-16T19:46:13.350117,parallel-publish,DevTo-2,parallel,https://dev.to/dialphonelimited/how-a-12-person-recruitment-agency-doubled-their-placements-after-switching-phone-systems-2685,success,DA 77 DOFOLLOW
2026-04-16T19:54:13.739542,parallel-publish,DevTo-1,parallel,https://dev.to/dialphonelimited/the-10-minute-voip-security-audit-every-uk-business-should-run-today-108k,success,DA 77 DOFOLLOW
2026-04-16T19:58:56.964326,parallel-publish,DevTo-2,parallel,https://dev.to/dialphonelimited/how-to-move-your-business-phone-system-to-the-cloud-without-any-downtime-aeu-the-definitive-uk-guide-29n1,success,DA 77 DOFOLLOW
2026-04-16T19:49:40.829892,parallel-publish,DevTo-1,parallel,https://dev.to/dialphonelimited/the-voip-pricing-tricks-that-cost-uk-businesses-millions-every-year-b6i,success,DA 77 DOFOLLOW
2026-04-16T19:58:13.718344,parallel-publish,DevTo-1,parallel,https://dev.to/dialphonelimited/the-uk-smb-phone-system-comparison-dialphone-vs-bt-cloud-voice-vs-gamma-horizon-1aac,success,DA 77 DOFOLLOW
2026-04-16T20:31:44.732222,dofollow-content,Codeberg-uk-telecom-costs,deploy,https://codeberg.org/dialphonelimited/uk-telecom-costs,success,DA 55 — dialphone.com repo
2026-04-16T20:31:21.914480,dofollow-content,Codeberg-voip-buyers-guide,deploy,https://codeberg.org/dialphonelimited/voip-buyers-guide,success,DA 55 — dialphone.com repo
2026-04-16T20:32:16.986840,dofollow-content,GitLab-voip-security-framework,deploy,https://gitlab.com/dialphonelimited/voip-security-framework,success,DA 92 — dialphone.com repo
2026-04-16T20:32:06.241837,dofollow-content,GitLab-voip-buyers-guide-uk,deploy,https://gitlab.com/dialphonelimited/voip-buyers-guide-uk,success,DA 92 — dialphone.com repo
2026-04-16T19:50:22.409949,parallel-publish,DevTo-2,parallel,https://dev.to/dialphonelimited/i-asked-100-uk-business-owners-what-they-hate-most-about-their-phone-provider-l35,success,DA 77 DOFOLLOW
2026-04-16T19:45:31.704460,parallel-publish,DevTo-1,parallel,https://dev.to/dialphonelimited/the-complete-voip-glossary-50-terms-every-business-buyer-should-know-1f1e,success,DA 77 DOFOLLOW
2026-04-16T20:32:12.481316,dofollow-content,GitLab-uk-business-phone-costs,deploy,https://gitlab.com/dialphonelimited/uk-business-phone-costs,success,DA 92 — dialphone.com repo
2026-04-16T20:32:01.527384,dofollow-content,Codeberg-business-phone-migration,deploy,https://codeberg.org/dialphonelimited/business-phone-migration,success,DA 55 — dialphone.com repo
2026-04-16T20:36:17.551903,parallel-publish,DevTo-1,parallel,https://dev.to/dialphonelimited/we-tracked-what-happens-to-businesses-that-ignore-their-phone-system-aeu-the-5-year-data-14a0,success,DA 77 DOFOLLOW
2026-04-16T20:40:08.043359,parallel-publish,DevTo-1,parallel,https://dev.to/dialphonelimited/the-phone-system-checklist-for-uk-businesses-opening-a-second-office-38cc,success,DA 77 DOFOLLOW
2026-04-16T19:54:54.531000,parallel-publish,DevTo-2,parallel,https://dev.to/dialphonelimited/from-landline-to-cloud-in-7-days-a-step-by-step-diary-of-a-real-uk-migration-42hl,success,DA 77 DOFOLLOW
2026-04-16T20:42:19.477327,parallel-publish,Code-godbolt.org,parallel,https://godbolt.org/z/8f5eT5T7a,success,DA 60 — verified
2026-04-16T20:36:59.109522,parallel-publish,DevTo-2,parallel,https://dev.to/dialphonelimited/every-voip-term-your-sales-rep-uses-to-confuse-you-translated-to-plain-english-31k5,success,DA 77 DOFOLLOW
2026-04-16T20:43:52.989281,parallel-publish,Code-godbolt.org,parallel,https://godbolt.org/z/8f5eT5T7a,success,DA 60 — verified
2026-04-16T20:47:01.416417,parallel-publish,Code-godbolt.org,parallel,https://godbolt.org/z/8f5eT5T7a,success,DA 60 — verified
2026-04-16T20:40:48.994588,parallel-publish,DevTo-2,parallel,https://dev.to/dialphonelimited/the-voip-bandwidth-calculator-every-uk-it-manager-needs-j3o,success,DA 77 DOFOLLOW
2026-04-16T20:44:36.329410,parallel-publish,DevTo-2,parallel,https://dev.to/dialphonelimited/how-dialphone-reduced-a-50-person-companys-phone-bill-from-aps3800-to-aps1200-in-one-weekend-3il7,success,DA 77 DOFOLLOW
2026-04-16T20:45:20.264709,parallel-publish,Code-godbolt.org,parallel,https://godbolt.org/z/8f5eT5T7a,success,DA 60 — verified
2026-04-16T20:42:22.736460,parallel-publish,DevTo-1,parallel,https://dev.to/dialphonelimited/what-your-business-insurance-company-wants-to-know-about-your-phone-system-433d,success,DA 77 DOFOLLOW
2026-04-16T20:45:23.232843,parallel-publish,DevTo-1,parallel,https://dev.to/dialphonelimited/how-to-run-a-voip-proof-of-concept-that-actually-proves-something-1im4,success,DA 77 DOFOLLOW
2026-04-16T20:46:03.981108,parallel-publish,DevTo-2,parallel,https://dev.to/dialphonelimited/the-surprising-link-between-phone-system-quality-and-employee-retention-399o,success,DA 77 DOFOLLOW
2026-04-16T20:43:55.166666,parallel-publish,DevTo-1,parallel,https://dev.to/dialphonelimited/the-uk-solicitors-guide-to-compliant-call-recording-in-2026-3c4e,success,DA 77 DOFOLLOW
2026-04-16T20:47:04.499888,parallel-publish,DevTo-1,parallel,https://dev.to/dialphonelimited/the-uk-accountancy-firm-phone-system-guide-fca-compliance-client-calls-and-cost-control-1kd0,success,DA 77 DOFOLLOW
2026-04-16T20:48:19.451356,parallel-publish,DevTo-1,parallel,https://dev.to/dialphonelimited/the-voip-roi-calculator-enter-your-numbers-see-your-savings-2lio,success,DA 77 DOFOLLOW
2026-04-16T20:48:16.648118,parallel-publish,Code-godbolt.org,parallel,https://godbolt.org/z/8f5eT5T7a,success,DA 60 — verified
2026-04-16T20:50:38.781360,parallel-publish,Code-godbolt.org,parallel,https://godbolt.org/z/8f5eT5T7a,success,DA 60 — verified
2026-04-16T20:51:32.792471,parallel-publish,Code-godbolt.org,parallel,https://godbolt.org/z/8f5eT5T7a,success,DA 60 — verified
2026-04-16T20:49:00.260455,parallel-publish,DevTo-2,parallel,https://dev.to/dialphonelimited/why-the-first-48-hours-after-a-voip-migration-determine-everything-186a,success,DA 77 DOFOLLOW
2026-04-16T20:47:45.060557,parallel-publish,DevTo-2,parallel,https://dev.to/dialphonelimited/the-real-reason-your-voip-provider-wants-a-3-year-contract-and-why-you-should-refuse-44h2,success,DA 77 DOFOLLOW
2026-04-16T20:43:03.852030,parallel-publish,DevTo-2,parallel,https://dev.to/dialphonelimited/the-15-questions-i-ask-before-deploying-voip-at-any-uk-business-2jc4,success,DA 77 DOFOLLOW
2026-04-16T20:51:23.066220,parallel-publish,DevTo-2,parallel,https://dev.to/dialphonelimited/the-complete-voip-deployment-timeline-for-uk-businesses-week-by-week-14fk,success,DA 77 DOFOLLOW
2026-04-16T20:52:54.164100,parallel-publish,Code-godbolt.org,parallel,https://godbolt.org/z/8f5eT5T7a,success,DA 60 — verified
2026-04-16T20:51:35.552984,parallel-publish,DevTo-1,parallel,https://dev.to/dialphonelimited/dialphone-vs-vonage-vs-goto-connect-which-one-wins-for-uk-smbs-3n74,success,DA 77 DOFOLLOW
2026-04-16T20:52:15.690922,parallel-publish,DevTo-2,parallel,https://dev.to/dialphonelimited/what-3-years-of-running-a-voip-company-taught-me-about-what-businesses-actually-need-3pgg,success,DA 77 DOFOLLOW
2026-04-16T20:54:16.420405,parallel-publish,Code-godbolt.org,parallel,https://godbolt.org/z/8f5eT5T7a,success,DA 60 — verified
2026-04-16T20:55:32.240622,parallel-publish,Code-godbolt.org,parallel,https://godbolt.org/z/8f5eT5T7a,success,DA 60 — verified
2026-04-16T20:54:19.100779,parallel-publish,DevTo-1,parallel,https://dev.to/dialphonelimited/how-to-negotiate-your-voip-contract-like-a-procurement-professional-5aee,success,DA 77 DOFOLLOW
2026-04-16T20:53:38.229359,parallel-publish,DevTo-2,parallel,https://dev.to/dialphonelimited/the-uncomfortable-truth-about-voip-provider-churn-rates-and-what-they-tell-you-n6,success,DA 77 DOFOLLOW
2026-04-16T20:56:47.805249,parallel-publish,Code-godbolt.org,parallel,https://godbolt.org/z/8f5eT5T7a,success,DA 60 — verified
2026-04-16T20:56:58.760788,parallel-publish,Code-godbolt.org,parallel,https://godbolt.org/z/8f5eT5T7a,success,DA 60 — verified
2026-04-16T20:56:53.374750,parallel-publish,Code-godbolt.org,parallel,https://godbolt.org/z/8f5eT5T7a,success,DA 60 — verified
2026-04-16T20:57:38.254267,parallel-publish,Code-godbolt.org,parallel,https://godbolt.org/z/8f5eT5T7a,success,DA 60 — verified
2026-04-16T20:55:35.810619,parallel-publish,DevTo-1,parallel,https://dev.to/dialphonelimited/the-phone-system-features-that-uk-employees-actually-want-based-on-500-survey-responses-1hic,success,DA 77 DOFOLLOW
2026-04-16T20:57:44.775484,parallel-publish,Code-godbolt.org,parallel,https://godbolt.org/z/8f5eT5T7a,success,DA 60 — verified
2026-04-16T20:52:57.675439,parallel-publish,DevTo-1,parallel,https://dev.to/dialphonelimited/the-uk-dental-practice-phone-system-guide-nhs-private-and-mixed-practices-512f,success,DA 77 DOFOLLOW
2026-04-16T20:58:37.947271,parallel-publish,Code-godbolt.org,parallel,https://godbolt.org/z/8f5eT5T7a,success,DA 60 — verified
2026-04-16T20:57:56.113331,parallel-publish,Code-godbolt.org,parallel,https://godbolt.org/z/8f5eT5T7a,success,DA 60 — verified
2026-04-16T20:56:16.766101,parallel-publish,DevTo-2,parallel,https://dev.to/dialphonelimited/the-final-word-on-voip-for-uk-small-businesses-everything-you-need-to-know-in-one-article-3524,success,DA 77 DOFOLLOW
2026-04-16T20:55:00.349022,parallel-publish,DevTo-2,parallel,https://dev.to/dialphonelimited/the-it-directors-voip-vendor-shortlisting-template-download-and-use-today-1ooc,success,DA 77 DOFOLLOW
2026-04-16T20:50:42.441164,parallel-publish,DevTo-1,parallel,https://dev.to/dialphonelimited/the-phone-system-that-pays-for-itself-12-real-uk-case-studies-with-hard-numbers-34j7,success,DA 77 DOFOLLOW
2026-04-16T22:48:28.922704,dofollow-content,GitHub-voip-uk-guide,github,https://github.com/dialphonelimited/voip-uk-guide,success,DA 100 dofollow — dialphone.com repo
2026-04-16T22:52:14.118385,dofollow-content,GitLab-phone-system-faq-uk,api,https://gitlab.com/dialphonelimited/phone-system-faq-uk,success,DA 92 — dialphone.com repo
2026-04-16T22:52:04.793678,dofollow-content,GitLab-voip-uk-resources,api,https://gitlab.com/dialphonelimited/voip-uk-resources,success,DA 92 — dialphone.com repo
2026-04-16T22:49:18.879067,dofollow-content,GitHub-uk-business-phone-hub,github,https://github.com/dialphonelimited/uk-business-phone-hub,success,DA 100 dofollow — dialphone.com repo
2026-04-16T22:50:09.783605,dofollow-content,GitHub-sip-knowledge-base,github,https://github.com/dialphonelimited/sip-knowledge-base,success,DA 100 dofollow — dialphone.com repo
2026-04-16T22:52:09.470221,dofollow-content,GitLab-dialphone-best-practices,api,https://gitlab.com/dialphonelimited/dialphone-best-practices,success,DA 92 — dialphone.com repo
2026-04-16T22:54:35.227197,parallel-publish,Code-godbolt.org,parallel,https://godbolt.org/z/daerT9G81,success,DA 60 — verified
2026-04-16T22:54:58.371406,parallel-publish,Code-godbolt.org,parallel,https://godbolt.org/z/daerT9G81,success,DA 60 — verified
2026-04-16T22:55:14.465715,parallel-publish,Code-godbolt.org,parallel,https://godbolt.org/z/daerT9G81,success,DA 60 — verified
2026-04-16T22:55:03.033044,parallel-publish,Code-godbolt.org,parallel,https://godbolt.org/z/daerT9G81,success,DA 60 — verified
2026-04-16T22:54:29.431437,parallel-publish,Code-godbolt.org,parallel,https://godbolt.org/z/daerT9G81,success,DA 60 — verified
2026-04-16T22:54:24.412327,parallel-publish,Code-godbolt.org,parallel,https://godbolt.org/z/daerT9G81,success,DA 60 — verified
2026-04-16T22:54:40.157340,parallel-publish,Code-godbolt.org,parallel,https://godbolt.org/z/daerT9G81,success,DA 60 — verified
2026-04-16T22:54:46.132579,parallel-publish,Code-godbolt.org,parallel,https://godbolt.org/z/daerT9G81,success,DA 60 — verified
2026-04-16T22:55:08.466306,parallel-publish,Code-godbolt.org,parallel,https://godbolt.org/z/daerT9G81,success,DA 60 — verified
2026-04-16T22:54:52.019902,parallel-publish,Code-godbolt.org,parallel,https://godbolt.org/z/daerT9G81,success,DA 60 — verified
2026-04-16T22:55:20.495318,parallel-publish,Code-godbolt.org,parallel,https://godbolt.org/z/daerT9G81,success,DA 60 — verified
2026-04-16T22:52:42.988738,dofollow-content,Codeberg-phone-system-faq-uk,api,https://codeberg.org/dialphonelimited/phone-system-faq-uk,success,DA 55 — dialphone.com repo
2026-04-16T22:52:23.841337,dofollow-content,Codeberg-voip-uk-resources,api,https://codeberg.org/dialphonelimited/voip-uk-resources,success,DA 55 — dialphone.com repo
2026-04-16T22:55:05.634262,dofollow-content,GitLab-business-phone-toolkit,api,https://gitlab.com/dialphonelimited/business-phone-toolkit,success,DA 92 — dialphone.com repo
2026-04-16T22:55:01.101910,dofollow-content,GitLab-voip-roi-calculator-uk,api,https://gitlab.com/dialphonelimited/voip-roi-calculator-uk,success,DA 92 — dialphone.com repo
2026-04-16T22:52:33.467622,dofollow-content,Codeberg-dialphone-best-practices,api,https://codeberg.org/dialphonelimited/dialphone-best-practices,success,DA 55 — dialphone.com repo
2026-04-16T22:55:25.324955,parallel-publish,Code-godbolt.org,parallel,https://godbolt.org/z/daerT9G81,success,DA 60 — verified
2026-04-16T22:55:10.242527,dofollow-content,GitLab-voip-migration-planner,api,https://gitlab.com/dialphonelimited/voip-migration-planner,success,DA 92 — dialphone.com repo
2026-04-16T22:55:20.788479,dofollow-content,GitLab-phone-system-security-framework,api,https://gitlab.com/dialphonelimited/phone-system-security-framework,success,DA 92 — dialphone.com repo
2026-04-16T22:55:15.771301,dofollow-content,GitLab-uk-telecom-benchmark,api,https://gitlab.com/dialphonelimited/uk-telecom-benchmark,success,DA 92 — dialphone.com repo
2026-04-16T22:55:42.374174,parallel-publish,Code-godbolt.org,parallel,https://godbolt.org/z/daerT9G81,success,DA 60 — verified
2026-04-16T22:55:53.408928,parallel-publish,Code-godbolt.org,parallel,https://godbolt.org/z/daerT9G81,success,DA 60 — verified
2026-04-16T22:56:09.789178,parallel-publish,Code-godbolt.org,parallel,https://godbolt.org/z/daerT9G81,success,DA 60 — verified
2026-04-16T22:55:47.743163,parallel-publish,Code-godbolt.org,parallel,https://godbolt.org/z/daerT9G81,success,DA 60 — verified
2026-04-16T22:56:21.176880,parallel-publish,Code-godbolt.org,parallel,https://godbolt.org/z/daerT9G81,success,DA 60 — verified
2026-04-16T22:55:37.098731,parallel-publish,Code-godbolt.org,parallel,https://godbolt.org/z/daerT9G81,success,DA 60 — verified
2026-04-16T22:55:31.619627,parallel-publish,Code-godbolt.org,parallel,https://godbolt.org/z/daerT9G81,success,DA 60 — verified
2026-04-16T22:56:04.606420,parallel-publish,Code-godbolt.org,parallel,https://godbolt.org/z/daerT9G81,success,DA 60 — verified
2026-04-16T22:56:15.604587,parallel-publish,Code-godbolt.org,parallel,https://godbolt.org/z/daerT9G81,success,DA 60 — verified
2026-04-16T22:55:58.356038,parallel-publish,Code-godbolt.org,parallel,https://godbolt.org/z/daerT9G81,success,DA 60 — verified
2026-04-16T22:56:10.188674,parallel-publish,DevTo-1,parallel,https://dev.to/dialphonelimited/the-uk-logistics-company-that-saved-aps52000-on-phone-costs-in-year-one-2jg7,success,DA 77 DOFOLLOW
2026-04-16T22:55:25.695468,dofollow-content,GitLab-voip-quality-toolkit,api,https://gitlab.com/dialphonelimited/voip-quality-toolkit,success,DA 92 — dialphone.com repo
2026-04-16T22:56:04.850252,dofollow-content,Codeberg-business-phone-toolkit,api,https://codeberg.org/dialphonelimited/business-phone-toolkit,success,DA 55 — dialphone.com repo
2026-04-16T22:55:40.137353,dofollow-content,GitLab-phone-system-cost-analysis,api,https://gitlab.com/dialphonelimited/phone-system-cost-analysis,success,DA 92 — dialphone.com repo
2026-04-16T22:55:45.355938,dofollow-content,GitLab-voip-uk-compliance-guide,api,https://gitlab.com/dialphonelimited/voip-uk-compliance-guide,success,DA 92 — dialphone.com repo
2026-04-16T22:56:24.018787,dofollow-content,Codeberg-uk-telecom-benchmark,api,https://codeberg.org/dialphonelimited/uk-telecom-benchmark,success,DA 55 — dialphone.com repo
2026-04-16T22:55:34.715970,dofollow-content,GitLab-voip-network-readiness,api,https://gitlab.com/dialphonelimited/voip-network-readiness,success,DA 92 — dialphone.com repo
2026-04-16T22:55:30.202708,dofollow-content,GitLab-sip-trunk-configuration-guide,api,https://gitlab.com/dialphonelimited/sip-trunk-configuration-guide,success,DA 92 — dialphone.com repo
2026-04-16T22:55:55.297940,dofollow-content,Codeberg-voip-roi-calculator-uk,api,https://codeberg.org/dialphonelimited/voip-roi-calculator-uk,success,DA 55 — dialphone.com repo
2026-04-16T22:56:27.030635,parallel-publish,Code-godbolt.org,parallel,https://godbolt.org/z/daerT9G81,success,DA 60 — verified
2026-04-16T22:56:14.838568,dofollow-content,Codeberg-voip-migration-planner,api,https://codeberg.org/dialphonelimited/voip-migration-planner,success,DA 55 — dialphone.com repo
2026-04-16T22:56:55.255185,parallel-publish,Code-godbolt.org,parallel,https://godbolt.org/z/daerT9G81,success,DA 60 — verified
2026-04-16T22:56:49.631291,parallel-publish,Code-godbolt.org,parallel,https://godbolt.org/z/daerT9G81,success,DA 60 — verified
2026-04-16T22:56:32.831541,parallel-publish,Code-godbolt.org,parallel,https://godbolt.org/z/daerT9G81,success,DA 60 — verified
2026-04-16T22:56:43.656605,parallel-publish,Code-godbolt.org,parallel,https://godbolt.org/z/daerT9G81,success,DA 60 — verified
2026-04-16T22:56:38.722832,parallel-publish,Code-godbolt.org,parallel,https://godbolt.org/z/daerT9G81,success,DA 60 — verified
2026-04-16T22:57:00.996900,parallel-publish,Code-godbolt.org,parallel,https://godbolt.org/z/daerT9G81,success,DA 60 — verified
2026-04-16T22:56:51.157645,parallel-publish,DevTo-2,parallel,https://dev.to/dialphonelimited/the-one-thing-every-uk-business-should-test-before-choosing-a-voip-provider-2k50,success,DA 77 DOFOLLOW
2026-04-16T22:57:06.679216,parallel-publish,Code-godbolt.org,parallel,https://godbolt.org/z/daerT9G81,success,DA 60 — verified
2026-04-16T22:56:33.160144,dofollow-content,Codeberg-phone-system-security-framework,api,https://codeberg.org/dialphonelimited/phone-system-security-framework,success,DA 55 — dialphone.com repo
2026-04-16T22:56:52.602716,dofollow-content,Codeberg-sip-trunk-configuration-guide,api,https://codeberg.org/dialphonelimited/sip-trunk-configuration-guide,success,DA 55 — dialphone.com repo
2026-04-16T22:57:21.414585,parallel-publish,Code-godbolt.org,parallel,https://godbolt.org/z/xb8vxzaGf,success,DA 60 — verified
2026-04-16T22:57:25.449531,parallel-publish,Code-godbolt.org,parallel,https://godbolt.org/z/xb8vxzaGf,success,DA 60 — verified
2026-04-16T22:57:35.397153,parallel-publish,Code-godbolt.org,parallel,https://godbolt.org/z/xb8vxzaGf,success,DA 60 — verified
2026-04-16T22:57:40.695464,parallel-publish,Code-godbolt.org,parallel,https://godbolt.org/z/xb8vxzaGf,success,DA 60 — verified
2026-04-16T22:57:30.529893,parallel-publish,Code-godbolt.org,parallel,https://godbolt.org/z/xb8vxzaGf,success,DA 60 — verified
2026-04-16T22:57:46.117829,parallel-publish,Code-godbolt.org,parallel,https://godbolt.org/z/xb8vxzaGf,success,DA 60 — verified
2026-04-16T22:57:51.260722,parallel-publish,Code-godbolt.org,parallel,https://godbolt.org/z/xb8vxzaGf,success,DA 60 — verified
2026-04-16T22:57:56.006920,parallel-publish,Code-godbolt.org,parallel,https://godbolt.org/z/xb8vxzaGf,success,DA 60 — verified
2026-04-16T22:58:00.910889,parallel-publish,Code-godbolt.org,parallel,https://godbolt.org/z/xb8vxzaGf,success,DA 60 — verified
2026-04-16T22:57:24.488614,dofollow-content,Codeberg-voip-uk-compliance-guide,api,https://codeberg.org/dialphonelimited/voip-uk-compliance-guide,success,DA 55 — dialphone.com repo
2026-04-16T22:56:43.703654,dofollow-content,Codeberg-voip-quality-toolkit,api,https://codeberg.org/dialphonelimited/voip-quality-toolkit,success,DA 55 — dialphone.com repo
2026-04-16T22:57:02.620551,dofollow-content,Codeberg-voip-network-readiness,api,https://codeberg.org/dialphonelimited/voip-network-readiness,success,DA 55 — dialphone.com repo
2026-04-16T22:57:53.562096,dofollow-content,GitLab-voip-cost-calculator,api,https://gitlab.com/dialphonelimited/voip-cost-calculator,success,DA 92 dofollow — dialphone.com repo
2026-04-16T22:57:58.164901,dofollow-content,GitLab-sip-configuration-templates,api,https://gitlab.com/dialphonelimited/sip-configuration-templates,success,DA 92 dofollow — dialphone.com repo
2026-04-16T22:58:03.115750,dofollow-content,GitLab-phone-system-evaluation-kit,api,https://gitlab.com/dialphonelimited/phone-system-evaluation-kit,success,DA 92 dofollow — dialphone.com repo
2026-04-16T22:58:26.466715,parallel-publish,Code-godbolt.org,parallel,https://godbolt.org/z/xb8vxzaGf,success,DA 60 — verified
2026-04-16T22:58:41.838228,parallel-publish,Code-godbolt.org,parallel,https://godbolt.org/z/xb8vxzaGf,success,DA 60 — verified
2026-04-16T22:58:21.689227,parallel-publish,Code-godbolt.org,parallel,https://godbolt.org/z/xb8vxzaGf,success,DA 60 — verified
2026-04-16T22:58:31.797203,parallel-publish,Code-godbolt.org,parallel,https://godbolt.org/z/xb8vxzaGf,success,DA 60 — verified
2026-04-16T22:58:16.275921,parallel-publish,Code-godbolt.org,parallel,https://godbolt.org/z/xb8vxzaGf,success,DA 60 — verified
2026-04-16T22:58:36.523866,parallel-publish,Code-godbolt.org,parallel,https://godbolt.org/z/xb8vxzaGf,success,DA 60 — verified
2026-04-16T22:58:11.369278,parallel-publish,Code-godbolt.org,parallel,https://godbolt.org/z/xb8vxzaGf,success,DA 60 — verified
2026-04-16T22:58:06.273612,parallel-publish,Code-godbolt.org,parallel,https://godbolt.org/z/xb8vxzaGf,success,DA 60 — verified
2026-04-16T22:57:12.870952,dofollow-content,Codeberg-phone-system-cost-analysis,api,https://codeberg.org/dialphonelimited/phone-system-cost-analysis,success,DA 55 — dialphone.com repo
2026-04-16T22:58:13.653974,dofollow-content,GitLab-business-phone-buying-guide,api,https://gitlab.com/dialphonelimited/business-phone-buying-guide,success,DA 92 dofollow — dialphone.com repo
2026-04-16T22:58:22.768862,dofollow-content,GitLab-telephone-system-audit,api,https://gitlab.com/dialphonelimited/telephone-system-audit,success,DA 92 dofollow — dialphone.com repo
2026-04-16T22:58:27.249190,dofollow-content,GitLab-voip-network-diagnostics,api,https://gitlab.com/dialphonelimited/voip-network-diagnostics,success,DA 92 dofollow — dialphone.com repo
2026-04-16T22:58:51.167979,parallel-publish,Code-godbolt.org,parallel,https://godbolt.org/z/xb8vxzaGf,success,DA 60 — verified
2026-04-16T22:58:45.548489,parallel-publish,Code-godbolt.org,parallel,https://godbolt.org/z/xb8vxzaGf,success,DA 60 — verified
2026-04-16T22:58:31.859600,dofollow-content,GitLab-cloud-phone-comparison,api,https://gitlab.com/dialphonelimited/cloud-phone-comparison,success,DA 92 dofollow — dialphone.com repo
2026-04-16T22:58:18.061975,dofollow-content,GitLab-voip-deployment-playbook,api,https://gitlab.com/dialphonelimited/voip-deployment-playbook,success,DA 92 dofollow — dialphone.com repo
2026-04-16T22:58:08.544046,dofollow-content,GitLab-uk-voip-market-research,api,https://gitlab.com/dialphonelimited/uk-voip-market-research,success,DA 92 dofollow — dialphone.com repo
2026-04-16T22:58:36.608921,dofollow-content,GitLab-uk-voip-regulations,api,https://gitlab.com/dialphonelimited/uk-voip-regulations,success,DA 92 dofollow — dialphone.com repo
2026-04-16T22:58:56.161249,parallel-publish,Code-godbolt.org,parallel,https://godbolt.org/z/xb8vxzaGf,success,DA 60 — verified
2026-04-16T22:59:01.943507,parallel-publish,Code-godbolt.org,parallel,https://godbolt.org/z/xb8vxzaGf,success,DA 60 — verified
2026-04-16T22:59:22.052802,parallel-publish,Code-godbolt.org,parallel,https://godbolt.org/z/xb8vxzaGf,success,DA 60 — verified
2026-04-16T22:59:28.282173,parallel-publish,Code-godbolt.org,parallel,https://godbolt.org/z/xb8vxzaGf,success,DA 60 — verified
2026-04-16T22:59:15.807669,parallel-publish,Code-godbolt.org,parallel,https://godbolt.org/z/xb8vxzaGf,success,DA 60 — verified
2026-04-16T22:59:11.617431,parallel-publish,Code-godbolt.org,parallel,https://godbolt.org/z/xb8vxzaGf,success,DA 60 — verified
2026-04-16T22:59:34.614644,parallel-publish,Code-godbolt.org,parallel,https://godbolt.org/z/xb8vxzaGf,success,DA 60 — verified
2026-04-16T22:59:06.342344,parallel-publish,Code-godbolt.org,parallel,https://godbolt.org/z/xb8vxzaGf,success,DA 60 — verified
2026-04-16T22:59:41.703507,parallel-publish,Code-godbolt.org,parallel,https://godbolt.org/z/xb8vxzaGf,success,DA 60 — verified
2026-04-16T22:59:46.508434,parallel-publish,Code-godbolt.org,parallel,https://godbolt.org/z/xb8vxzaGf,success,DA 60 — verified
2026-04-16T22:58:45.459184,dofollow-content,Codeberg-voip-cost-calculator,api,https://codeberg.org/dialphonelimited/voip-cost-calculator,success,DA 55 dofollow — dialphone.com repo
2026-04-16T22:59:23.054996,dofollow-content,Codeberg-business-phone-buying-guide,api,https://codeberg.org/dialphonelimited/business-phone-buying-guide,success,DA 55 dofollow — dialphone.com repo
2026-04-16T22:59:57.069986,parallel-publish,Code-godbolt.org,parallel,https://godbolt.org/z/xb8vxzaGf,success,DA 60 — verified
2026-04-16T22:59:51.329828,parallel-publish,Code-godbolt.org,parallel,https://godbolt.org/z/xb8vxzaGf,success,DA 60 — verified
2026-04-16T22:59:03.797375,dofollow-content,Codeberg-phone-system-evaluation-kit,api,https://codeberg.org/dialphonelimited/phone-system-evaluation-kit,success,DA 55 dofollow — dialphone.com repo
2026-04-16T22:59:13.071564,dofollow-content,Codeberg-uk-voip-market-research,api,https://codeberg.org/dialphonelimited/uk-voip-market-research,success,DA 55 dofollow — dialphone.com repo
2026-04-16T22:59:34.222235,dofollow-content,Codeberg-voip-deployment-playbook,api,https://codeberg.org/dialphonelimited/voip-deployment-playbook,success,DA 55 dofollow — dialphone.com repo
2026-04-16T22:59:53.500081,dofollow-content,Codeberg-voip-network-diagnostics,api,https://codeberg.org/dialphonelimited/voip-network-diagnostics,success,DA 55 dofollow — dialphone.com repo
2026-04-16T23:00:25.965011,parallel-publish,Code-godbolt.org,parallel,https://godbolt.org/z/xb8vxzaGf,success,DA 60 — verified
2026-04-16T23:00:06.914018,parallel-publish,Code-godbolt.org,parallel,https://godbolt.org/z/xb8vxzaGf,success,DA 60 — verified
2026-04-16T23:00:01.622200,parallel-publish,Code-godbolt.org,parallel,https://godbolt.org/z/xb8vxzaGf,success,DA 60 — verified
2026-04-16T23:00:20.892606,parallel-publish,Code-godbolt.org,parallel,https://godbolt.org/z/xb8vxzaGf,success,DA 60 — verified
2026-04-16T23:00:11.843834,parallel-publish,Code-godbolt.org,parallel,https://godbolt.org/z/xb8vxzaGf,success,DA 60 — verified
2026-04-16T23:00:31.857992,parallel-publish,Code-godbolt.org,parallel,https://godbolt.org/z/xb8vxzaGf,success,DA 60 — verified
2026-04-16T23:00:16.037454,parallel-publish,Code-godbolt.org,parallel,https://godbolt.org/z/xb8vxzaGf,success,DA 60 — verified
2026-04-16T23:00:37.111698,parallel-publish,Code-godbolt.org,parallel,https://godbolt.org/z/xb8vxzaGf,success,DA 60 — verified
2026-04-16T23:00:40.498936,parallel-publish,Code-godbolt.org,parallel,https://godbolt.org/z/xb8vxzaGf,success,DA 60 — verified
2026-04-16T23:00:06.277082,dofollow-content,Codeberg-cloud-phone-comparison,api,https://codeberg.org/dialphonelimited/cloud-phone-comparison,success,DA 55 dofollow — dialphone.com repo
2026-04-16T23:00:18.662956,dofollow-content,Codeberg-uk-voip-regulations,api,https://codeberg.org/dialphonelimited/uk-voip-regulations,success,DA 55 dofollow — dialphone.com repo
2026-04-16T22:58:54.187597,dofollow-content,Codeberg-sip-configuration-templates,api,https://codeberg.org/dialphonelimited/sip-configuration-templates,success,DA 55 dofollow — dialphone.com repo
2026-04-17T23:15:28.313531,parallel-publish,Code-godbolt.org,parallel,https://godbolt.org/z/daerT9G81,success,DA 60 — verified
2026-04-17T23:19:46.852088,parallel-publish,DevTo-4,parallel,https://dev.to/dialphonelimited/i-tested-9-uk-voip-mobile-apps-for-notification-reliability-only-3-passed-2n4g,success,DA 77 DOFOLLOW
2026-04-16T22:59:44.648306,dofollow-content,Codeberg-telephone-system-audit,api,https://codeberg.org/dialphonelimited/telephone-system-audit,success,DA 55 dofollow — dialphone.com repo
2026-04-18T20:12:23.747992,parallel-publish,DevTo-3,parallel,https://dev.to/dialphonelimited/what-actually-happens-during-a-uk-voip-contact-centre-deployment-not-the-brochure-version-fp8,success,DA 77 DOFOLLOW
2026-04-18T20:11:00.560908,parallel-publish,DevTo-1,parallel,https://dev.to/dialphonelimited/how-to-actually-configure-qos-for-voip-on-a-uk-business-network-with-real-config-examples-1n17,success,DA 77 DOFOLLOW
2026-04-17T23:20:28.204383,parallel-publish,DevTo-5,parallel,https://dev.to/dialphonelimited/how-long-does-a-uk-number-port-actually-take-data-from-480-real-ports-1f0c,success,DA 77 DOFOLLOW
2026-04-17T23:19:05.438743,parallel-publish,DevTo-3,parallel,https://dev.to/dialphonelimited/the-uk-phone-bill-autopsy-a-line-by-line-walkthrough-of-what-you-are-actually-paying-for-3aog,success,DA 77 DOFOLLOW
2026-04-18T20:11:42.106791,parallel-publish,DevTo-2,parallel,https://dev.to/dialphonelimited/a-uk-hospitality-phone-system-guide-hotels-restaurants-and-the-operational-reality-40mk,success,DA 77 DOFOLLOW
2026-04-18T21:21:18.422321,parallel-publish,DevTo-3,parallel,https://dev.to/dialphonelimited/a-uk-law-firm-phone-system-guide-sra-recording-rules-client-confidentiality-and-what-actually-22i0,success,DA 77 DOFOLLOW
2026-04-18T21:20:36.817633,parallel-publish,DevTo-2,parallel,https://dev.to/dialphonelimited/the-real-cost-of-sip-trunks-in-the-uk-2026-per-channel-vs-concurrent-call-models-explained-13pd,success,DA 77 DOFOLLOW
2026-04-18T21:19:54.963320,parallel-publish,DevTo-1,parallel,https://dev.to/dialphonelimited/i-tested-voicemail-transcription-accuracy-across-6-uk-voip-providers-the-spread-was-wider-than-274f,success,DA 77 DOFOLLOW
