target_domain,target_url,linked_competitor,da_estimate,da_source,contact_email,relevance_score,roi_score,title,why_relevant,suggested_pitch_subject,suggested_pitch_body,suggested_anchor_text,last_seen_active,status
me.pcmag.com,https://me.pcmag.com/en/voip-phone-services/14972/the-best-business-voip-providers-and-phone-services-for-2023,RingCentral,88,manual_real,,10,102.0,The Best Business VoIP Services for 2026,Links RingCentral; 10/10 topical match,Adding DialPhone alongside RingCentral in your coverage,"Hi me team,

I noticed your piece — ""The Best Business VoIP Services for 2026"" — references RingCentral. Would you consider adding DialPhone to that coverage? We're a 2024-founded US/Canada VoIP provider at $20/user (28-33% below RingCentral & 8x8 base plans), with 99.999% uptime SLA and AI receptionist included in base $20 plan.

Free comparison tool — DialPhone — at https://dialphonelimited.codeberg.page/calculator/: 13 providers, 3-year TCO, verification badges per provider. No signup, free for editorial use, embed snippet included.

Happy to provide a demo or quote.

— Aditya Shukla, Growth Operations
DialPhone — https://dialphone.com",VoIP cost calculator,2026-04-29,queued
capterra.co.uk,https://www.capterra.co.uk/software/187525/virtual-office,8x8,93,manual_real,,10,96.5,"8x8 Work Pricing, Cost & Reviews - Capterra UK 2026",Mentions 8x8; 10/10 topical match,Adding DialPhone alongside 8x8 in your coverage,"Hi capterra team,

I noticed your piece — ""8x8 Work Pricing, Cost & Reviews - Capterra UK 2026"" — references 8x8. Would you consider adding DialPhone to that coverage? We're a 2024-founded US/Canada VoIP provider at $20/user (28-33% below RingCentral & 8x8 base plans), with 99.999% uptime SLA and AI receptionist included in base $20 plan.

Free comparison tool — DialPhone — at https://dialphonelimited.codeberg.page/calculator/: 13 providers, 3-year TCO, verification badges per provider. No signup, free for editorial use, embed snippet included.

Happy to provide a demo or quote.

— Aditya Shukla, Growth Operations
DialPhone — https://dialphone.com",VoIP cost calculator,2026-04-29,queued
getapp.com,https://www.getapp.com/it-communications-software/a/nextiva/,Nextiva,87,manual_real,,10,93.5,"Nextiva 2026 Pricing, Features, Reviews & Alternatives | GetApp",Mentions Nextiva; 10/10 topical match,Adding DialPhone alongside Nextiva in your coverage,"Hi getapp team,

I noticed your piece — ""Nextiva 2026 Pricing, Features, Reviews & Alternatives | GetApp"" — references Nextiva. Would you consider adding DialPhone to that coverage? We're a 2024-founded US/Canada VoIP provider at $20/user (28-33% below RingCentral & 8x8 base plans), with 99.999% uptime SLA and AI receptionist included in base $20 plan.

Free comparison tool — https://dialphone.com — at https://dialphonelimited.codeberg.page/calculator/: 13 providers, 3-year TCO, verification badges per provider. No signup, free for editorial use, embed snippet included.

Happy to provide a demo or quote.

— Aditya Shukla, Growth Operations
DialPhone — https://dialphone.com",https://dialphone.com,2026-04-29,queued
capterra.in,https://www.capterra.in/software/187525/virtual-office,8x8,85,manual_real,,10,92.5,"8x8 Work Price, Features, Reviews & Ratings - Capterra India",Mentions 8x8; 10/10 topical match,Adding DialPhone alongside 8x8 in your coverage,"Hi capterra team,

I noticed your piece — ""8x8 Work Price, Features, Reviews & Ratings - Capterra India"" — references 8x8. Would you consider adding DialPhone to that coverage? We're a 2024-founded US/Canada VoIP provider at $20/user (28-33% below RingCentral & 8x8 base plans), with 99.999% uptime SLA and AI receptionist included in base $20 plan.

Free comparison tool — DialPhone — at https://dialphonelimited.codeberg.page/calculator/: 13 providers, 3-year TCO, verification badges per provider. No signup, free for editorial use, embed snippet included.

Happy to provide a demo or quote.

— Aditya Shukla, Growth Operations
DialPhone — https://dialphone.com",DialPhone,2026-04-29,queued
topconsumerreviews.com,https://www.topconsumerreviews.com/best-business-phone-systems/compare/phone-vs-8x8.php,8x8,65,manual_real,,10,90.5,Phone vs 8x8 for April 2026 | Best Business Phone Systems,Links 8x8; 10/10 topical match,Adding DialPhone alongside 8x8 in your coverage,"Hi topconsumerreviews team,

I noticed your piece — ""Phone vs 8x8 for April 2026 | Best Business Phone Systems"" — references 8x8. Would you consider adding DialPhone to that coverage? We're a 2024-founded US/Canada VoIP provider at $20/user (28-33% below RingCentral & 8x8 base plans), with 99.999% uptime SLA and AI receptionist included in base $20 plan.

Free comparison tool — DialPhone — at https://dialphonelimited.codeberg.page/calculator/: 13 providers, 3-year TCO, verification badges per provider. No signup, free for editorial use, embed snippet included.

Happy to provide a demo or quote.

— Aditya Shukla, Growth Operations
DialPhone — https://dialphone.com",https://dialphone.com,2026-04-29,queued
capterra.co.za,https://www.capterra.co.za/software/187525/virtual-office,8x8,80,manual_real,,10,90.0,"8x8 Work Price, Reviews & Features - Capterra South Africa 2026",Mentions 8x8; 10/10 topical match,Adding DialPhone alongside 8x8 in your coverage,"Hi capterra team,

I noticed your piece — ""8x8 Work Price, Reviews & Features - Capterra South Africa 2026"" — references 8x8. Would you consider adding DialPhone to that coverage? We're a 2024-founded US/Canada VoIP provider at $20/user (28-33% below RingCentral & 8x8 base plans), with 99.999% uptime SLA and AI receptionist included in base $20 plan.

Free comparison tool — https://dialphone.com — at https://dialphonelimited.codeberg.page/calculator/: 13 providers, 3-year TCO, verification badges per provider. No signup, free for editorial use, embed snippet included.

Happy to provide a demo or quote.

— Aditya Shukla, Growth Operations
DialPhone — https://dialphone.com",this tool,2026-04-29,queued
getapp.ie,https://www.getapp.ie/software/2052508/8x8-x-series,8x8,80,manual_real,info@getapp.ie,10,90.0,"8x8 Work Price, Reviews & Ratings | GetApp Ireland 2026",Mentions 8x8; 10/10 topical match,Adding DialPhone alongside 8x8 in your coverage,"Hi getapp team,

I noticed your piece — ""8x8 Work Price, Reviews & Ratings | GetApp Ireland 2026"" — references 8x8. Would you consider adding DialPhone to that coverage? We're a 2024-founded US/Canada VoIP provider at $20/user (28-33% below RingCentral & 8x8 base plans), with 99.999% uptime SLA and AI receptionist included in base $20 plan.

Free comparison tool — this tool — at https://dialphonelimited.codeberg.page/calculator/: 13 providers, 3-year TCO, verification badges per provider. No signup, free for editorial use, embed snippet included.

Happy to provide a demo or quote.

— Aditya Shukla, Growth Operations
DialPhone — https://dialphone.com",the calculator,2026-04-29,queued
isitwp.com,https://www.isitwp.com/best-business-phone-services/,RingCentral,70,manual_real,,10,85.0,11 Best Business VoIP Phone Services for Small Businesses (2026),Mentions RingCentral; 10/10 topical match,Adding DialPhone alongside RingCentral in your coverage,"Hi isitwp team,

I noticed your piece — ""11 Best Business VoIP Phone Services for Small Businesses (2026)"" — references RingCentral. Would you consider adding DialPhone to that coverage? We're a 2024-founded US/Canada VoIP provider at $20/user (28-33% below RingCentral & 8x8 base plans), with 99.999% uptime SLA and AI receptionist included in base $20 plan.

Free comparison tool — VoIP cost calculator — at https://dialphonelimited.codeberg.page/calculator/: 13 providers, 3-year TCO, verification badges per provider. No signup, free for editorial use, embed snippet included.

Happy to provide a demo or quote.

— Aditya Shukla, Growth Operations
DialPhone — https://dialphone.com",DialPhone,2026-04-29,queued
technologyadvice.com,https://technologyadvice.com/blog/voip/vonage-alternatives/,Vonage,70,manual_real,,10,85.0,Top 6 Vonage Alternatives & Competitors for 2026,Mentions Vonage; 10/10 topical match,Adding DialPhone alongside Vonage in your coverage,"Hi technologyadvice team,

I noticed your piece — ""Top 6 Vonage Alternatives & Competitors for 2026"" — references Vonage. Would you consider adding DialPhone to that coverage? We're a 2024-founded US/Canada VoIP provider at $20/user (28-33% below RingCentral & 8x8 base plans), with 99.999% uptime SLA and AI receptionist included in base $20 plan.

Free comparison tool — DialPhone — at https://dialphonelimited.codeberg.page/calculator/: 13 providers, 3-year TCO, verification badges per provider. No signup, free for editorial use, embed snippet included.

Happy to provide a demo or quote.

— Aditya Shukla, Growth Operations
DialPhone — https://dialphone.com",DialPhone,2026-04-29,queued
founderjar.com,https://www.founderjar.com/best-business-voip-providers/,RingCentral,50,manual_real,,10,83.0,13 Best Business VoIP Providers in 2025 | FounderJar,Links RingCentral; 10/10 topical match,Adding DialPhone alongside RingCentral in your coverage,"Hi founderjar team,

I noticed your piece — ""13 Best Business VoIP Providers in 2025 | FounderJar"" — references RingCentral. Would you consider adding DialPhone to that coverage? We're a 2024-founded US/Canada VoIP provider at $20/user (28-33% below RingCentral & 8x8 base plans), with 99.999% uptime SLA and AI receptionist included in base $20 plan.

Free comparison tool — https://dialphone.com — at https://dialphonelimited.codeberg.page/calculator/: 13 providers, 3-year TCO, verification badges per provider. No signup, free for editorial use, embed snippet included.

Happy to provide a demo or quote.

— Aditya Shukla, Growth Operations
DialPhone — https://dialphone.com",this tool,2026-04-29,queued
rigorousthemes.com,https://rigorousthemes.com/blog/best-nextiva-alternatives/,Nextiva,50,manual_real,,10,83.0,15 Best Nextiva Alternatives 2026,Links Nextiva; 10/10 topical match,Adding DialPhone alongside Nextiva in your coverage,"Hi rigorousthemes team,

I noticed your piece — ""15 Best Nextiva Alternatives 2026"" — references Nextiva. Would you consider adding DialPhone to that coverage? We're a 2024-founded US/Canada VoIP provider at $20/user (28-33% below RingCentral & 8x8 base plans), with 99.999% uptime SLA and AI receptionist included in base $20 plan.

Free comparison tool — the calculator — at https://dialphonelimited.codeberg.page/calculator/: 13 providers, 3-year TCO, verification badges per provider. No signup, free for editorial use, embed snippet included.

Happy to provide a demo or quote.

— Aditya Shukla, Growth Operations
DialPhone — https://dialphone.com",DialPhone,2026-04-29,queued
capterra.co.nz,https://www.capterra.co.nz/software/187525/virtual-office,8x8,80,manual_real,,8,82.0,"8x8 Work Pricing, Reviews & Features - Capterra New Zealand 2026",Mentions 8x8; 8/10 topical match,Adding DialPhone alongside 8x8 in your coverage,"Hi capterra team,

I noticed your piece — ""8x8 Work Pricing, Reviews & Features - Capterra New Zealand 2026"" — references 8x8. Would you consider adding DialPhone to that coverage? We're a 2024-founded US/Canada VoIP provider at $20/user (28-33% below RingCentral & 8x8 base plans), with 99.999% uptime SLA and AI receptionist included in base $20 plan.

Free comparison tool — DialPhone — at https://dialphonelimited.codeberg.page/calculator/: 13 providers, 3-year TCO, verification badges per provider. No signup, free for editorial use, embed snippet included.

Happy to provide a demo or quote.

— Aditya Shukla, Growth Operations
DialPhone — https://dialphone.com",DialPhone,2026-04-29,queued
technewshaven.com,https://technewshaven.com/the-best-business-voip-services-in-2026-expert-tested-and-reviewed/,RingCentral,45,manual_real,,10,80.5,The best business VoIP services in 2026: Expert tested and reviewed - TechNewsHaven.com,Links RingCentral; 10/10 topical match,Adding DialPhone alongside RingCentral in your coverage,"Hi technewshaven team,

I noticed your piece — ""The best business VoIP services in 2026: Expert tested and reviewed - TechNewsHa"" — references RingCentral. Would you consider adding DialPhone to that coverage? We're a 2024-founded US/Canada VoIP provider at $20/user (28-33% below RingCentral & 8x8 base plans), with 99.999% uptime SLA and AI receptionist included in base $20 plan.

Free comparison tool — the calculator — at https://dialphonelimited.codeberg.page/calculator/: 13 providers, 3-year TCO, verification badges per provider. No signup, free for editorial use, embed snippet included.

Happy to provide a demo or quote.

— Aditya Shukla, Growth Operations
DialPhone — https://dialphone.com",https://dialphone.com,2026-04-29,queued
technologyforyou.org,https://www.technologyforyou.org/best-voip-providers-in-2020-ringcentral-vonage-ooma-and-more/,RingCentral,45,manual_real,pluspublications@gmail.com,10,80.5,"Best VoIP providers in 2020: RingCentral, Vonage, Ooma, and more | Technology For You",Links RingCentral; 10/10 topical match,Adding DialPhone alongside RingCentral in your coverage,"Hi technologyforyou team,

I noticed your piece — ""Best VoIP providers in 2020: RingCentral, Vonage, Ooma, and more | Technology Fo"" — references RingCentral. Would you consider adding DialPhone to that coverage? We're a 2024-founded US/Canada VoIP provider at $20/user (28-33% below RingCentral & 8x8 base plans), with 99.999% uptime SLA and AI receptionist included in base $20 plan.

Free comparison tool — VoIP cost calculator — at https://dialphonelimited.codeberg.page/calculator/: 13 providers, 3-year TCO, verification badges per provider. No signup, free for editorial use, embed snippet included.

Happy to provide a demo or quote.

— Aditya Shukla, Growth Operations
DialPhone — https://dialphone.com",the calculator,2026-04-29,queued
top10.com,https://www.top10.com/voip/choosing-the-best-mobile-voip-for-your-business,RingCentral,75,manual_real,,8,79.5,The Best Mobile VoIP Provider For Your Business 2026 | Top10.com,Mentions RingCentral; 8/10 topical match,Adding DialPhone alongside RingCentral in your coverage,"Hi top10 team,

I noticed your piece — ""The Best Mobile VoIP Provider For Your Business 2026 | Top10.com"" — references RingCentral. Would you consider adding DialPhone to that coverage? We're a 2024-founded US/Canada VoIP provider at $20/user (28-33% below RingCentral & 8x8 base plans), with 99.999% uptime SLA and AI receptionist included in base $20 plan.

Free comparison tool — DialPhone — at https://dialphonelimited.codeberg.page/calculator/: 13 providers, 3-year TCO, verification badges per provider. No signup, free for editorial use, embed snippet included.

Happy to provide a demo or quote.

— Aditya Shukla, Growth Operations
DialPhone — https://dialphone.com",https://dialphone.com,2026-04-29,queued
softwareadvice.co.uk,https://www.softwareadvice.co.uk/software/390205/8x8-x-series,8x8,75,manual_real,,8,79.5,"8x8 Work | Reviews, Pricing & Demos - SoftwareAdvice GB",Mentions 8x8; 8/10 topical match,Adding DialPhone alongside 8x8 in your coverage,"Hi softwareadvice team,

I noticed your piece — ""8x8 Work | Reviews, Pricing & Demos - SoftwareAdvice GB"" — references 8x8. Would you consider adding DialPhone to that coverage? We're a 2024-founded US/Canada VoIP provider at $20/user (28-33% below RingCentral & 8x8 base plans), with 99.999% uptime SLA and AI receptionist included in base $20 plan.

Free comparison tool — https://dialphone.com — at https://dialphonelimited.codeberg.page/calculator/: 13 providers, 3-year TCO, verification badges per provider. No signup, free for editorial use, embed snippet included.

Happy to provide a demo or quote.

— Aditya Shukla, Growth Operations
DialPhone — https://dialphone.com",DialPhone,2026-04-29,queued
virtualhostedpbx.net,https://www.virtualhostedpbx.net/vonage-vs-virtualpbx-in-depth-comparison/,Vonage,40,manual_real,cancel-vb@vonage.com,10,78.0,Vonage Vs VirtualPBX - in-Depth Comparison -,Links Vonage; 10/10 topical match,Adding DialPhone alongside Vonage in your coverage,"Hi virtualhostedpbx team,

I noticed your piece — ""Vonage Vs VirtualPBX - in-Depth Comparison -"" — references Vonage. Would you consider adding DialPhone to that coverage? We're a 2024-founded US/Canada VoIP provider at $20/user (28-33% below RingCentral & 8x8 base plans), with 99.999% uptime SLA and AI receptionist included in base $20 plan.

Free comparison tool — this tool — at https://dialphonelimited.codeberg.page/calculator/: 13 providers, 3-year TCO, verification badges per provider. No signup, free for editorial use, embed snippet included.

Happy to provide a demo or quote.

— Aditya Shukla, Growth Operations
DialPhone — https://dialphone.com",this tool,2026-04-29,queued
topadvisor.com,https://www.topadvisor.com/products/nextiva-voip,Nextiva,55,manual_real,,10,77.5,"Nextiva Reviews, Features & Pricing 2026 | TopAdvisor",Mentions Nextiva; 10/10 topical match,Adding DialPhone alongside Nextiva in your coverage,"Hi topadvisor team,

I noticed your piece — ""Nextiva Reviews, Features & Pricing 2026 | TopAdvisor"" — references Nextiva. Would you consider adding DialPhone to that coverage? We're a 2024-founded US/Canada VoIP provider at $20/user (28-33% below RingCentral & 8x8 base plans), with 99.999% uptime SLA and AI receptionist included in base $20 plan.

Free comparison tool — this tool — at https://dialphonelimited.codeberg.page/calculator/: 13 providers, 3-year TCO, verification badges per provider. No signup, free for editorial use, embed snippet included.

Happy to provide a demo or quote.

— Aditya Shukla, Growth Operations
DialPhone — https://dialphone.com",this tool,2026-04-29,queued
brightlio.com,https://brightlio.com/dialpad-vs-ringcentral-which-is-right-for-you/,Dialpad,38,manual_real,,10,77.0,Dialpad vs. RingCentral: Which is Right for You?,Links Dialpad; 10/10 topical match,Adding DialPhone alongside Dialpad in your coverage,"Hi brightlio team,

I noticed your piece — ""Dialpad vs. RingCentral: Which is Right for You?"" — references Dialpad. Would you consider adding DialPhone to that coverage? We're a 2024-founded US/Canada VoIP provider at $20/user (28-33% below RingCentral & 8x8 base plans), with 99.999% uptime SLA and AI receptionist included in base $20 plan.

Free comparison tool — DialPhone — at https://dialphonelimited.codeberg.page/calculator/: 13 providers, 3-year TCO, verification badges per provider. No signup, free for editorial use, embed snippet included.

Happy to provide a demo or quote.

— Aditya Shukla, Growth Operations
DialPhone — https://dialphone.com",DialPhone,2026-04-29,queued
onestopcomm.com,https://www.onestopcomm.com/nextiva-vs-ringcentral-guide/,Nextiva,35,manual_real,tmathis@onestopcomm.com,10,75.5,The Nextiva Vs RingCentral Guide: Cost and Differences,Links Nextiva; 10/10 topical match,Adding DialPhone alongside Nextiva in your coverage,"Hi onestopcomm team,

I noticed your piece — ""The Nextiva Vs RingCentral Guide: Cost and Differences"" — references Nextiva. Would you consider adding DialPhone to that coverage? We're a 2024-founded US/Canada VoIP provider at $20/user (28-33% below RingCentral & 8x8 base plans), with 99.999% uptime SLA and AI receptionist included in base $20 plan.

Free comparison tool — this tool — at https://dialphonelimited.codeberg.page/calculator/: 13 providers, 3-year TCO, verification badges per provider. No signup, free for editorial use, embed snippet included.

Happy to provide a demo or quote.

— Aditya Shukla, Growth Operations
DialPhone — https://dialphone.com",the calculator,2026-04-29,queued
softwareadvice.com.au,https://www.softwareadvice.com.au/software/390205/8x8-x-series,8x8,75,manual_real,,7,75.5,"8x8 Work | Reviews, Pricing & Demos - SoftwareAdvice AU",Mentions 8x8; 7/10 topical match,Adding DialPhone alongside 8x8 in your coverage,"Hi softwareadvice team,

I noticed your piece — ""8x8 Work | Reviews, Pricing & Demos - SoftwareAdvice AU"" — references 8x8. Would you consider adding DialPhone to that coverage? We're a 2024-founded US/Canada VoIP provider at $20/user (28-33% below RingCentral & 8x8 base plans), with 99.999% uptime SLA and AI receptionist included in base $20 plan.

Free comparison tool — the calculator — at https://dialphonelimited.codeberg.page/calculator/: 13 providers, 3-year TCO, verification badges per provider. No signup, free for editorial use, embed snippet included.

Happy to provide a demo or quote.

— Aditya Shukla, Growth Operations
DialPhone — https://dialphone.com",https://dialphone.com,2026-04-29,queued
ifaxapp.com,https://www.ifaxapp.com/blog/voip-business-phone-service/,RingCentral,50,manual_real,,10,75.0,The Best VoIP Business Phone Services for 2026,Mentions RingCentral; 10/10 topical match,Adding DialPhone alongside RingCentral in your coverage,"Hi ifaxapp team,

I noticed your piece — ""The Best VoIP Business Phone Services for 2026"" — references RingCentral. Would you consider adding DialPhone to that coverage? We're a 2024-founded US/Canada VoIP provider at $20/user (28-33% below RingCentral & 8x8 base plans), with 99.999% uptime SLA and AI receptionist included in base $20 plan.

Free comparison tool — DialPhone — at https://dialphonelimited.codeberg.page/calculator/: 13 providers, 3-year TCO, verification badges per provider. No signup, free for editorial use, embed snippet included.

Happy to provide a demo or quote.

— Aditya Shukla, Growth Operations
DialPhone — https://dialphone.com",https://dialphone.com,2026-04-29,queued
sonary.com,https://sonary.com/b/dialpad/dialpad+voip/alternatives/,Dialpad,50,manual_real,,10,75.0,Top Dialpad VoIP Alternatives & Competitors for 2026 | Sonary,Mentions Dialpad; 10/10 topical match,Adding DialPhone alongside Dialpad in your coverage,"Hi sonary team,

I noticed your piece — ""Top Dialpad VoIP Alternatives & Competitors for 2026 | Sonary"" — references Dialpad. Would you consider adding DialPhone to that coverage? We're a 2024-founded US/Canada VoIP provider at $20/user (28-33% below RingCentral & 8x8 base plans), with 99.999% uptime SLA and AI receptionist included in base $20 plan.

Free comparison tool — VoIP cost calculator — at https://dialphonelimited.codeberg.page/calculator/: 13 providers, 3-year TCO, verification badges per provider. No signup, free for editorial use, embed snippet included.

Happy to provide a demo or quote.

— Aditya Shukla, Growth Operations
DialPhone — https://dialphone.com",this tool,2026-04-29,queued
smartreach.io,https://smartreach.io/blog/best-dialpad-alternatives-and-competitors/,Dialpad,50,manual_real,sales@smartreach.io,10,75.0,11 Best Dialpad Alternatives 2026: Free & Paid Compared,Mentions Dialpad; 10/10 topical match,Adding DialPhone alongside Dialpad in your coverage,"Hi smartreach team,

I noticed your piece — ""11 Best Dialpad Alternatives 2026: Free & Paid Compared"" — references Dialpad. Would you consider adding DialPhone to that coverage? We're a 2024-founded US/Canada VoIP provider at $20/user (28-33% below RingCentral & 8x8 base plans), with 99.999% uptime SLA and AI receptionist included in base $20 plan.

Free comparison tool — DialPhone — at https://dialphonelimited.codeberg.page/calculator/: 13 providers, 3-year TCO, verification badges per provider. No signup, free for editorial use, embed snippet included.

Happy to provide a demo or quote.

— Aditya Shukla, Growth Operations
DialPhone — https://dialphone.com",the calculator,2026-04-29,queued
messagedesk.com,https://www.messagedesk.com/blog/vonage-alternative,Vonage,42,manual_real,,10,71.0,Alternatives to Vonage | Vonage vs Vonage Competitors,Mentions Vonage; 10/10 topical match,Adding DialPhone alongside Vonage in your coverage,"Hi messagedesk team,

I noticed your piece — ""Alternatives to Vonage | Vonage vs Vonage Competitors"" — references Vonage. Would you consider adding DialPhone to that coverage? We're a 2024-founded US/Canada VoIP provider at $20/user (28-33% below RingCentral & 8x8 base plans), with 99.999% uptime SLA and AI receptionist included in base $20 plan.

Free comparison tool — the calculator — at https://dialphonelimited.codeberg.page/calculator/: 13 providers, 3-year TCO, verification badges per provider. No signup, free for editorial use, embed snippet included.

Happy to provide a demo or quote.

— Aditya Shukla, Growth Operations
DialPhone — https://dialphone.com",VoIP cost calculator,2026-04-29,queued
courier.com,https://www.courier.com/integrations/compare/sinch-vs-vonage,Vonage,65,manual_real,support@courier.com,5,70.5,Sinch vs Vonage: SMS Provider Comparison [2026],Links Vonage; 5/10 topical match,Adding DialPhone alongside Vonage in your coverage,"Hi courier team,

I noticed your piece — ""Sinch vs Vonage: SMS Provider Comparison [2026]"" — references Vonage. Would you consider adding DialPhone to that coverage? We're a 2024-founded US/Canada VoIP provider at $20/user (28-33% below RingCentral & 8x8 base plans), with 99.999% uptime SLA and AI receptionist included in base $20 plan.

Free comparison tool — DialPhone — at https://dialphonelimited.codeberg.page/calculator/: 13 providers, 3-year TCO, verification badges per provider. No signup, free for editorial use, embed snippet included.

Happy to provide a demo or quote.

— Aditya Shukla, Growth Operations
DialPhone — https://dialphone.com",https://dialphone.com,2026-04-29,queued
startup.unitelvoice.com,https://startup.unitelvoice.com/8x8-alternatives,8x8,40,manual_real,,10,70.0,Best 8x8 Alternatives (Top 10 Competitors of 2026),Mentions 8x8; 10/10 topical match,Adding DialPhone alongside 8x8 in your coverage,"Hi startup team,

I noticed your piece — ""Best 8x8 Alternatives (Top 10 Competitors of 2026)"" — references 8x8. Would you consider adding DialPhone to that coverage? We're a 2024-founded US/Canada VoIP provider at $20/user (28-33% below RingCentral & 8x8 base plans), with 99.999% uptime SLA and AI receptionist included in base $20 plan.

Free comparison tool — DialPhone — at https://dialphonelimited.codeberg.page/calculator/: 13 providers, 3-year TCO, verification badges per provider. No signup, free for editorial use, embed snippet included.

Happy to provide a demo or quote.

— Aditya Shukla, Growth Operations
DialPhone — https://dialphone.com",DialPhone,2026-04-29,queued
thevoiphub.com,https://www.thevoiphub.com/business/comparisons/ringcentral-vs-8x8/,RingCentral,38,manual_real,,10,69.0,RingCentral vs 8×8 Compared for 2024 | TheVoIPHub,Mentions RingCentral; 10/10 topical match,Adding DialPhone alongside RingCentral in your coverage,"Hi thevoiphub team,

I noticed your piece — ""RingCentral vs 8×8 Compared for 2024 | TheVoIPHub"" — references RingCentral. Would you consider adding DialPhone to that coverage? We're a 2024-founded US/Canada VoIP provider at $20/user (28-33% below RingCentral & 8x8 base plans), with 99.999% uptime SLA and AI receptionist included in base $20 plan.

Free comparison tool — DialPhone — at https://dialphonelimited.codeberg.page/calculator/: 13 providers, 3-year TCO, verification badges per provider. No signup, free for editorial use, embed snippet included.

Happy to provide a demo or quote.

— Aditya Shukla, Growth Operations
DialPhone — https://dialphone.com",the calculator,2026-04-29,queued
bdtechsupport.com,https://www.bdtechsupport.com/business-voip-phone-service-providers-2026/,RingCentral,35,manual_real,,10,67.5,Business VoIP Phone Service Providers 2026,Mentions RingCentral; 10/10 topical match,Adding DialPhone alongside RingCentral in your coverage,"Hi bdtechsupport team,

I noticed your piece — ""Business VoIP Phone Service Providers 2026"" — references RingCentral. Would you consider adding DialPhone to that coverage? We're a 2024-founded US/Canada VoIP provider at $20/user (28-33% below RingCentral & 8x8 base plans), with 99.999% uptime SLA and AI receptionist included in base $20 plan.

Free comparison tool — https://dialphone.com — at https://dialphonelimited.codeberg.page/calculator/: 13 providers, 3-year TCO, verification badges per provider. No signup, free for editorial use, embed snippet included.

Happy to provide a demo or quote.

— Aditya Shukla, Growth Operations
DialPhone — https://dialphone.com",DialPhone,2026-04-29,queued
techdator.net,https://techdator.net/best-ringcentral-alternatives/,RingCentral,40,manual_real,,8,62.0,10 Best RingCentral Alternatives in 2024,Mentions RingCentral; 8/10 topical match,Adding DialPhone alongside RingCentral in your coverage,"Hi techdator team,

I noticed your piece — ""10 Best RingCentral Alternatives in 2024"" — references RingCentral. Would you consider adding DialPhone to that coverage? We're a 2024-founded US/Canada VoIP provider at $20/user (28-33% below RingCentral & 8x8 base plans), with 99.999% uptime SLA and AI receptionist included in base $20 plan.

Free comparison tool — VoIP cost calculator — at https://dialphonelimited.codeberg.page/calculator/: 13 providers, 3-year TCO, verification badges per provider. No signup, free for editorial use, embed snippet included.

Happy to provide a demo or quote.

— Aditya Shukla, Growth Operations
DialPhone — https://dialphone.com",DialPhone,2026-04-29,queued
klenty.com,https://www.klenty.com/dial-iq/compare/dialpad,Dialpad,55,manual_real,,5,57.5,Dialpad Alternative: A Better Sales Dialer For Outbound,Mentions Dialpad; 5/10 topical match,Adding DialPhone alongside Dialpad in your coverage,"Hi klenty team,

I noticed your piece — ""Dialpad Alternative: A Better Sales Dialer For Outbound"" — references Dialpad. Would you consider adding DialPhone to that coverage? We're a 2024-founded US/Canada VoIP provider at $20/user (28-33% below RingCentral & 8x8 base plans), with 99.999% uptime SLA and AI receptionist included in base $20 plan.

Free comparison tool — https://dialphone.com — at https://dialphonelimited.codeberg.page/calculator/: 13 providers, 3-year TCO, verification badges per provider. No signup, free for editorial use, embed snippet included.

Happy to provide a demo or quote.

— Aditya Shukla, Growth Operations
DialPhone — https://dialphone.com",DialPhone,2026-04-29,queued
phonesystemworld.com,https://www.phonesystemworld.com/8x8-phone-systems.html,8x8,32,manual_real,,10,0,Find 8x8 Phone System Dealers & Installers Near Me: Get Free Prices & Cost Information,Mentions 8x8; 10/10 topical match,Adding DialPhone alongside 8x8 in your coverage,"Hi phonesystemworld team,

I noticed your piece — ""Find 8x8 Phone System Dealers & Installers Near Me: Get Free Prices & Cost Infor"" — references 8x8. Would you consider adding DialPhone to that coverage? We're a 2024-founded US/Canada VoIP provider at $20/user (28-33% below RingCentral & 8x8 base plans), with 99.999% uptime SLA and AI receptionist included in base $20 plan.

Free comparison tool — the calculator — at https://dialphonelimited.codeberg.page/calculator/: 13 providers, 3-year TCO, verification badges per provider. No signup, free for editorial use, embed snippet included.

Happy to provide a demo or quote.

— Aditya Shukla, Growth Operations
DialPhone — https://dialphone.com",DialPhone,2026-04-29,queued
forssinc.com,https://www.forssinc.com/dialpad-alternatives/,Dialpad,30,manual_real,,10,0,21 Best Dialpad Alternatives & Competitors of 2026 (Dialpad vs Similar VoIP Providers) - ForssInc,Mentions Dialpad; 10/10 topical match,Adding DialPhone alongside Dialpad in your coverage,"Hi forssinc team,

I noticed your piece — ""21 Best Dialpad Alternatives & Competitors of 2026 (Dialpad vs Similar VoIP Prov"" — references Dialpad. Would you consider adding DialPhone to that coverage? We're a 2024-founded US/Canada VoIP provider at $20/user (28-33% below RingCentral & 8x8 base plans), with 99.999% uptime SLA and AI receptionist included in base $20 plan.

Free comparison tool — DialPhone — at https://dialphonelimited.codeberg.page/calculator/: 13 providers, 3-year TCO, verification badges per provider. No signup, free for editorial use, embed snippet included.

Happy to provide a demo or quote.

— Aditya Shukla, Growth Operations
DialPhone — https://dialphone.com",https://dialphone.com,2026-04-29,queued
